,t,r,velocity,theta,tau
0,5.194845432016424,9.98676753301875,-0.5285982865203542,0.0,4.986776287927871
1,10.349559218807343,9.947293839521528,-1.0477022593966483,0.05,9.934209024417019
2,15.438518568686886,9.882283350928237,-1.5482357856818993,0.1,14.817185235818691
3,20.43773760277768,9.792875812655042,-2.021929111376915,0.15000000000000002,19.612206069922898
4,25.325392836501308,9.68059758146339,-2.4616406690375165,0.2,24.29790454663464
5,30.082234467321623,9.547298908696806,-2.8615927744435727,0.25,28.855450369234802
6,34.69187000450093,9.39508185188673,-3.217509603882743,0.3,33.26882851941737
7,39.14091728766403,9.226223769046333,-3.5266565240198484,0.35,37.524988771243144
8,43.41903346922659,9.043101150675927,-3.787789362628471,0.39999999999999997,41.613872692310956
9,47.51883415031016,8.848117924178647,-4.001029375200563,0.44999999999999996,45.52833223231953
10,51.435722041146484,8.643641459113065,-4.167683880090617,0.49999999999999994,49.263959116004436
11,55.1676471604961,8.431948459552535,-4.290033792201632,0.5499999999999999,52.818846857231954
12,58.714820932106335,8.21518189009633,-4.371108034845843,0.6,56.19330753160029
13,62.07940504503381,7.995319152796144,-4.414461776518642,0.65,59.38956394935373
14,65.2651931878634,7.774150982478244,-4.423971426144339,0.7000000000000001,62.4114351242721
15,68.27730031106701,7.553269988007076,-4.403655051200684,0.7500000000000001,65.26402949985852
16,71.12187040649789,7.334067435100229,-4.357522911033427,0.8000000000000002,67.9534567569884
17,73.80581029105215,7.117736717925934,-4.2894594718550305,0.8500000000000002,70.48656555627396
18,76.33655378902573,6.905281964863297,-4.203135749668521,0.9000000000000002,72.87071150698728
19,78.72185815560813,6.6975303274134514,-4.101949122896046,0.9500000000000003,75.11355713131843
20,80.96963261107405,6.495146671419839,-3.98898677919137,1.0000000000000002,77.22290364548124
21,83.08779743507789,6.298649593499293,-3.867008570223295,1.0500000000000003,79.20655298056568
22,85.08417113659945,6.108427897450244,-3.738445088525758,1.1000000000000003,81.07219754948309
23,86.96638268194282,5.924756867556988,-3.6054071059031716,1.1500000000000004,82.82733474646628
24,88.74180554121182,5.747813857068567,-3.4697030007830025,1.2000000000000004,84.47920295324175
25,90.41751031923681,5.577692865043057,-3.3328613581866957,1.2500000000000004,86.03473583807937
26,92.00023289772018,5.414417901561039,-3.196156484343578,1.3000000000000005,87.5005318987166
27,93.49635527261937,5.257955041068226,-3.060635096151137,1.3500000000000005,88.88283645941134
28,94.91189657919702,5.108223138966687,-2.9271429004104443,1.4000000000000006,90.18753364128507
29,96.25251212361195,4.965103240994652,-2.796350159584656,1.4500000000000006,91.42014615097185
30,97.52349856153438,4.828446752097644,-2.6687756495798656,1.5000000000000007,92.58584105286396
31,98.72980366635814,4.698082454933419,-2.544808656227682,1.5500000000000007,93.68943999053161
32,99.87603940368686,4.573822481046283,-2.424728839210445,1.6000000000000008,94.73543259493783
33,100.96649727094545,4.455467342812797,-2.3087239246523628,1.6500000000000008,95.7279920570814
34,102.00516507038657,4.3428101337427405,-2.1969052799313724,1.7000000000000008,96.67099204996832
35,102.99574446163544,4.23564000040478,-2.0893214850719595,1.7500000000000009,97.56802436061977
36,103.9416687886677,4.133744982520276,-1.985970051843608,1.800000000000001,98.42241673964536
37,104.84612079880019,4.036914309672181,-1.886807460656438,1.850000000000001,99.23725059682715
38,105.71204997117394,3.9449402343685116,-1.7917576915581275,1.900000000000001,100.01537826946412
39,106.5421892525631,3.857619472415913,-1.7007194230564562,1.950000000000001,100.75943966916225
40,107.33907106219681,3.774754313058899,-1.613572064154067,2.000000000000001,101.47187817536009
41,108.10504247738758,3.6961534533528457,-1.5301807731526498,2.0500000000000007,102.15495569289669
42,108.84227955054976,3.6216326038948474,-1.4504006031118446,2.1000000000000005,102.8107668287764
43,109.55280073776515,3.5510149063973997,-1.3740798994989307,2.1500000000000004,103.44125217204922
44,110.2384794411961,3.484131197668266,-1.301063061332864,2.2,104.04821068217748
45,110.90105568385603,3.4208201493359773,-1.2311927635263116,2.25,104.63331120688264
46,111.54214694676669,3.360928308094203,-1.1643117254733477,2.3,105.19810316149008
47,112.16325820637896,3.304310057277698,-1.1002640993833248,2.3499999999999996,105.7440264092214
48,112.76579121513942,3.250827517170493,-1.0388965414858868,2.3999999999999995,106.27242038654104
49,113.35105307091766,3.200350398524545,-0.9800590200218268,2.4499999999999993,106.78453252020785
50,113.92026412220454,3.15275582127728,-0.9236054058391057,2.499999999999999,107.28152598363774
51,114.47456525597514,3.1079281083451655,-0.8693938843557603,2.549999999999999,107.76448683996983
52,115.0150246142171,3.065758562588236,-0.817287221540621,2.5999999999999988,108.23443061817399
53,115.54264378361799,3.026145233542146,-0.767152911302587,2.6499999999999986,108.69230836689849
54,116.05836350098662,2.9889926792598995,-0.7188632271738995,2.6999999999999984,109.13901222873196
55,116.56306891481005,2.9542117275593505,-0.6722951973309832,2.7499999999999982,109.57538057529442
56,117.05759444103812,2.9217192401038625,-0.6273305187329508,2.799999999999998,110.00220274119407
57,117.54272824882902,2.8914378820252447,-0.5838554233952155,2.849999999999998,110.4202233924746
58,118.01921640964933,2.8632958992069137,-0.5417605074843196,2.8999999999999977,110.83014656279535
59,118.48776674084641,2.8372269048612195,-0.5009405319583027,2.9499999999999975,111.23263938827877
60,118.94905237263325,2.8131696766408574,-0.4612942018305827,2.9999999999999973,111.62833556975735
61,119.40371506536901,2.791067965205763,-0.42272392975715767,3.049999999999997,112.01783858907724
62,119.85236830209611,2.7708703149114364,-0.3851355884961336,3.099999999999997,112.40172470418011
63,120.29560017951525,2.752529897081817,-0.3484382558300037,3.149999999999997,112.78054574589657
64,120.73397611894713,2.736004356170774,-0.31254395474463653,3.1999999999999966,113.15483173774585
65,121.16804141734386,2.721255668993574,-0.2773673909989674,3.2499999999999964,113.52509335854734
66,121.59832365707315,2.7082500171170043,-0.24282568967415,3.2999999999999963,113.89182426630805
67,122.02533499200017,2.69695767242897,-0.20883813184206393,3.349999999999996,114.25550330065172
68,122.44957432633225,2.6873528958608865,-0.17532589212512262,3.399999999999996,114.61659657999633
69,122.87152940176594,2.67941384920533,-0.14221177761938478,3.4499999999999957,114.97555950876199
70,123.29167880767832,2.6731225199541035,-0.10941996841030155,3.4999999999999956,115.33283870909628
71,123.71049392843318,2.6684646590754517,-0.07687575971620582,3.5499999999999954,115.68887389093301
72,124.12844084132065,2.665429731651382,-0.04450530554167909,3.599999999999995,116.04409967365157
73,124.54598217821517,2.6640108803050446,-0.01223536360547626,3.649999999999995,116.39894737217075
74,124.9635789637169,2.6642049013621643,0.020006958778717054,3.699999999999995,116.75384675999287
75,125.38169244233406,2.6660122337082046,0.05229445824909743,3.7499999999999947,117.10922782150696
76,125.80078590716712,2.6694369603229107,0.08470008878374945,3.7999999999999945,117.46552250576386
77,126.22132654256897,2.674486822494892,0.11729721535252437,3.8499999999999943,117.8231664939488
78,126.6437872933786,2.681173246739795,0.15015986824071909,3.899999999999994,118.18260099290046
79,127.06864877356045,2.689511384465148,0.1833629984133437,3.949999999999994,118.54427456725884
80,127.4964012274288,2.6995201644418994,0.21698273422371517,3.999999999999994,118.90864502317027
81,127.92754655709841,2.711222358155661,0.2510966396766387,4.049999999999994,119.27618135693842
82,128.3626004303834,2.7246446581181973,0.2857839743309451,4.099999999999993,119.64736578258902
83,128.80209448406796,2.73981776922006,0.32112595476389333,4.149999999999993,120.02269585301572
84,129.24657863830043,2.7567765131964563,0.3572060173148389,4.199999999999993,120.40268669020129
85,129.69662353882035,2.775559946258163,0.39411008157006,4.249999999999993,120.78787334096492
86,130.15282314482104,2.7962114899047745,0.4319268137354475,4.299999999999993,121.1788132757787
87,130.61579748148236,2.81877907488558,0.4707478886576931,4.3499999999999925,121.57608904942933
88,131.08619557758362,2.843315298199979,0.5106682487841393,4.399999999999992,121.98031114367824
89,131.5646986101283,2.8698775929300426,0.551786357780491,4.449999999999992,122.39212101359833
90,132.0520232795804,2.8985284105670064,0.5942044458349772,4.499999999999992,122.81219436094153
91,132.54892544112798,2.9293354153246876,0.63802874284465,4.549999999999992,123.2412446597153
92,133.05620401934482,2.9623716897182626,0.6833696946776762,4.599999999999992,123.68002696111752
93,133.5747052357108,2.997715950417295,0.7303421565034358,4.6499999999999915,124.12934200708683
94,134.10532718065528,3.0354527730464875,0.7790655557435577,4.699999999999991,124.59004068395662
95,134.64902476408375,3.0756728241934645,0.8296640154793556,4.749999999999991,125.06302885003073
96,135.20681508069939,3.1184730983748192,0.8822664271056373,4.799999999999991,125.5492725732951
97,135.77978322878488,3.163957157091945,0.9370064585916148,4.849999999999991,126.04980381789076
98,136.36908862339902,3.2122353663560053,0.9940224818330246,4.899999999999991,126.56572662033417
99,136.97597184706774,3.2634251281527202,1.0534573991840717,4.94999999999999,127.0982237986871
100,137.6017620828876,3.317651100224473,1.1154583452640394,4.99999999999999,127.64856423982813
101,138.24788517634178,3.375045397237577,1.1801762354545227,5.04999999999999,128.21811081149886
102,138.9158723728406,3.435747764839755,1.2477651270465553,5.09999999999999,128.80832894667893
103,139.60736977776037,3.499905716255689,1.3183813526660382,5.14999999999999,129.42079594781288
104,140.32414858421143,3.5676746188708006,1.392182378305238,5.1999999999999895,130.05721105711962
105,141.06811611046854,3.6392177156643704,1.4693253299290476,5.249999999999989,130.7194063362199
106,141.84132768337832,3.7147060633179065,1.549965123135071,5.299999999999989,131.40935839306243
107,142.64599939541526,3.7943183652856036,1.6342521196846387,5.349999999999989,132.12920098591962
108,143.48452175051528,3.8782406740119457,1.7223292228951599,5.399999999999989,132.88123852219766
109,144.3594741963066,3.9666659317606596,1.8143283109765878,5.449999999999989,133.6679604529072
110,145.27364051657835,4.0597933141293385,1.9103658936014838,5.4999999999999885,134.49205654057968
111,146.23002502621605,4.157827334229122,2.0105378626738877,5.549999999999988,135.35643294764282
112,147.2318694695266,4.260976658695421,2.1149131939818715,5.599999999999988,136.26422905194016
113,148.2826704696988,4.369452579186525,2.2235264430563184,5.649999999999988,137.21883484402815
114,149.3861973095839,4.483467074897776,2.3363688673844307,5.699999999999988,138.22390869461276
115,150.54650973920613,4.603230393021514,2.4533779999253498,5.749999999999988,139.2833951971746
116,151.7679754003219,4.728948065273803,2.574425498083951,5.799999999999987,140.40154268737743
117,153.0552863296689,4.860817269986075,2.69930310116056,5.849999999999987,141.58291991398718
118,154.41347384702186,4.999022441407029,2.827706552018554,5.899999999999987,142.83243118247174
119,155.84792094885478,5.1437300215989845,2.959217380623127,5.949999999999987,144.15532910922667
120,157.36437111109888,5.295082246761732,3.0932825147474707,5.999999999999987,145.55722390922523
121,158.96893215437692,5.453189860452232,3.229191784296138,6.0499999999999865,147.04408789193218
122,160.66807354364335,5.618123652884402,3.3660535292240206,6.099999999999986,148.62225356088715
123,162.46861518625923,5.7899047406463975,3.5027687164740238,6.149999999999986,150.29840340617514
124,164.37770546796813,5.968493527598417,3.6380042281350575,6.199999999999986,152.07954915562436
125,166.40278594148134,6.153777328688925,3.770166309085827,6.249999999999986,153.97299792617866
126,168.55153978257417,6.3455566975476465,3.8973755621666153,6.299999999999986,155.98630241626824
127,170.83182088963818,6.543530579650967,4.017445350394531,6.349999999999985,158.12719203860962
128,173.25156037299897,6.7472805189397596,4.127865996583757,6.399999999999985,160.40348175867283
129,175.81864722211316,6.956254279360621,4.225797733599086,6.449999999999985,162.82295543862898
130,178.54078022735695,7.169749404405849,4.308075905762176,6.499999999999985,165.3932207647279
131,181.4252888542649,7.386897424860523,4.371232380896308,6.549999999999985,168.12153344299844
132,184.4789218115213,7.606649630800982,4.411537402011857,6.5999999999999845,171.01458937328667
133,187.7076036024053,7.827765535833625,4.425066058710819,6.649999999999984,174.0782850374859
134,191.11616146174939,8.04880535999921,4.407793041053827,6.699999999999984,177.3174484236435
135,194.7080277700903,8.268128015365804,4.355718198060098,6.749999999999984,180.73554546756733
136,198.48492624508867,8.483896160447687,4.2650235271803725,6.799999999999984,184.33437017063028
137,202.44655378061915,8.694089856342707,4.132259500435111,6.849999999999984,188.11373009213833
138,206.59027345989685,8.896530168086679,3.954555128933159,6.8999999999999835,192.07114254372215
139,210.91083760770783,9.088913674285623,3.729842082092517,6.949999999999983,196.20156013265296
140,215.40016225498607,9.268858256627784,3.4570789096065973,6.999999999999983,200.49714680172582
141,220.04717549089256,9.433959743456592,3.1364575626570033,7.049999999999983,204.9471266237838
142,224.8377613179086,9.581858017449031,2.7695717305861884,7.099999999999983,209.5377267771114
143,229.75481738171058,9.710310145316276,2.3595258007639504,7.149999999999983,214.252232933023
144,234.77843915447744,9.8172670638487,1.9109651916119588,7.199999999999982,219.07116956316943
145,239.8862350078983,9.900949504852402,1.4300137592728248,7.249999999999982,223.97260961805128
146,245.05376674290645,9.959918310807847,0.9241117921936882,7.299999999999982,228.93260825594956
147,250.25509956648742,9.99313421051793,0.4017580381641042,7.349999999999982,233.92574482342076
148,255.46343551580736,10.000002564779743,-0.12783005392497673,7.399999999999982,238.92574738820082
149,260.6517962868195,9.980399555730058,-0.6551138197780353,7.4499999999999815,243.90616615280166
150,265.7937165016505,9.934677693763167,-1.170657216574298,7.499999999999981,248.84105719674943
151,270.8639073941729,9.863650189279294,-1.6655422063482253,7.549999999999981,253.70563694957292
152,275.8388538691726,9.768555468940134,-2.131741986688508,7.599999999999981,258.47687074706096
153,280.6973144401888,9.65100468240758,-2.5624238001021746,7.649999999999981,263.1339653160536
154,285.420702695719,9.51291625166169,-2.9521618007974593,7.699999999999981,267.65874409661006
155,289.9933393874515,9.35644223234517,-3.2970509674034205,7.7499999999999805,272.0358946589707
156,294.4025746189141,9.18389144037303,-3.5947235919272935,7.79999999999998,276.2530877583985
157,298.6387887552983,8.997653985478133,-3.8442789180738757,7.84999999999998,280.30097662051804
158,302.6952877377134,8.800131150135389,-4.046142992417181,7.89999999999998,284.1730920334972
159,306.5681130511722,8.593673598952734,-4.201879277451443,7.94999999999998,287.8656533297641
160,310.2557886521041,8.380529849664715,-4.313971172203019,7.99999999999998,291.3773173578202
161,313.7590270125598,8.16280591473431,-4.385595831342522,8.04999999999998,294.70888737790125
162,317.0804145863207,7.942436131350228,-4.420405328968322,8.09999999999998,297.8630019629301
163,320.2240940244695,7.721164496729965,-4.422327074486924,8.14999999999998,300.8438210222083
164,323.1954569184709,7.500535336918361,-4.395391144830433,8.199999999999982,303.6567225392264
165,326.00085719147745,7.281891852451947,-4.343588354671893,8.249999999999982,306.3080199867667
166,328.647351835703,7.066380974948694,-4.2707597452097446,8.299999999999983,308.8047069909225
167,331.14247272212873,6.85496299614283,-4.180515851436643,8.349999999999984,311.1542328748469
168,333.4940307948609,6.648424554069524,-4.076182589225615,8.399999999999984,313.36431032740467
169,335.70995212666895,6.447393742266236,-3.960769781778984,8.449999999999985,315.4427546307954
170,337.7981440162329,6.252356315730346,-3.8369580727517754,8.499999999999986,317.39735260573804
171,339.7663884785902,6.063672178370288,-3.7071000954849054,8.549999999999986,319.2357586200751
172,341.6222600304034,5.881591534705329,-3.5732321430126004,8.599999999999987,320.965414569131
173,343.37306451207667,5.706270263965074,-3.4370930958677812,8.649999999999988,322.5934905854016
174,345.02579573812534,5.537784222955309,-3.3001479269562677,8.699999999999989,324.12684329040223
175,346.5871069563888,5.376142304205169,-3.163613654813077,8.74999999999999,325.57198859415547
176,348.0632943701842,5.221298169517071,-3.0284861211994394,8.79999999999999,326.9350863229056
177,349.4602902931002,5.073160649026411,-2.895566406765279,8.84999999999999,328.2219342714471
178,350.783663833361,4.931602845801515,-2.7654860625699396,8.899999999999991,329.43796960288296
179,352.03862732283835,4.796470019551291,-2.638730627134602,8.949999999999992,330.5882758353057
180,353.2300470018425,4.667586343623021,-2.5156611248267504,8.999999999999993,331.6775939490645
181,354.3624567375596,4.5447606402390175,-2.3965334106170877,9.049999999999994,332.7103364129178
182,355.44007378834124,4.427791202444227,-2.2815153482107458,9.099999999999994,333.69060315953993
183,356.46681582775705,4.3164698096468355,-2.170701892525405,9.149999999999995,334.62219874041955
184,357.44631861296483,4.210585038617032,-2.064128201843697,9.199999999999996,335.5086500587908
185,358.38195382415336,4.1099249646614275,-1.9617809368974184,9.249999999999996,336.35322421954817
186,359.27684671872544,4.014279339380227,-1.8636079195951667,9.299999999999997,337.1589461502769
187,360.13389333879445,3.923441322641141,-1.769526327854167,9.349999999999998,337.9286157408873
188,360.9557770866843,3.8372088376564726,-1.6794295987657812,9.399999999999999,338.6648243240768
189,361.7449845434216,3.7553856096528464,-1.5931932029475586,9.45,339.36997037793617
190,362.5038204523795,3.677781940778538,-1.5106794405171535,9.5,340.046274378132
191,363.2344218266163,3.6042152667133442,-1.4317413951859637,9.55,340.69579276257247
192,363.9387711660798,3.5345105339780347,-1.356226168578927,9.600000000000001,341.32043099831253
193,364.6187087914297,3.468500431188183,-1.283977502760686,9.650000000000002,341.92195576037017
194,365.2759443162004,3.406025502434851,-1.2148378855473925,9.700000000000003,342.502006246532
195,365.9120672895699,3.346934166558494,-1.1486502207790157,9.750000000000004,343.06210466229584
196,366.5285570490893,3.291082662258821,-1.085259134455508,9.800000000000004,343.6036659167869
197,367.12679182714965,3.238334935694148,-1.0245119775448381,9.850000000000005,344.12800657457376
198,367.7080571573516,3.1885624844104288,-0.9662595773327673,9.900000000000006,344.6363531104232
199,368.2735536278076,3.141644169046095,-0.9103567813447714,9.950000000000006,345.1298495146683
200,368.8244040281484,3.097466002231116,-0.8566628310482981,10.000000000000007,345.6095642964172
201,369.36165993594034,3.055920922388712,-0.8050415966455304,10.050000000000008,346.0764969306119
202,369.8863077865918,3.0169085587120557,-0.7553616991964014,10.100000000000009,346.53158379319336
203,370.399274468836,2.9803349923871676,-0.7074965419737734,10.15000000000001,346.97570362653573
204,370.9014324856567,2.946112518132585,-0.6613242692573235,10.20000000000001,347.4096825750106
205,371.39360471819344,2.9141594092963095,-0.6167276676364103,10.25000000000001,347.8342988281501
206,371.87656882780294,2.88439968906494,-0.5735940222394039,10.300000000000011,348.250286906464
207,372.35106132912296,2.8567629097763385,-0.5318149380699198,10.350000000000012,348.6583416225977
208,372.81778136472974,2.831183941866368,-0.49128613474929117,10.400000000000013,349.05912174823175
209,373.2773942098279,2.8076027736057254,-0.45190722138695094,10.450000000000014,349.4532534149497
210,373.7305345333864,2.7859643224807162,-0.4135814569805576,10.500000000000014,349.8413332752565
211,374.177809440244,2.7662182588299444,-0.37621550064628506,10.550000000000015,350.22393144803067
212,374.61980131696316,2.748318842157494,-0.3397191550628078,10.600000000000016,350.60159427093856
213,375.05707050261327,2.7322247703935223,-0.3040051057511975,10.650000000000016,350.97484688073615
214,375.49015780421394,2.71789904225832,-0.2689886581825457,10.700000000000017,351.34419564093156
215,375.91958687526215,2.7053088327997017,-0.2345874741847478,10.750000000000018,351.71013043497277
216,376.34586647460316,2.6944253821110316,-0.2007213086918888,10.800000000000018,352.07312684196097
217,376.7694926218776,2.6852238971940934,-0.16731174752926267,10.85000000000002,352.4336482108641
218,377.190950664882,2.6776834669036984,-0.13428194664187404,10.90000000000002,352.79214764831056
219,377.6107172734141,2.671786989896533,-0.10155637294406604,10.95000000000002,353.14906993427957
220,378.0292623735305,2.667521115502608,-0.06906054678427015,11.000000000000021,353.5048533793622
221,378.44705103562256,2.664876197441757,-0.036720785874975265,11.050000000000022,353.8599316367468
222,378.8645453293083,2.6638462603179853,-0.004463950428429501,11.100000000000023,354.21473548167734
223,379.28220615784784,2.6644289788395783,0.02778281084085072,11.150000000000023,354.56969457084136
224,379.7004950846067,2.6666256697312476,0.06009231423804656,11.200000000000024,354.92523919396484
225,380.1198761640231,2.670441296324957,0.09253759455306654,11.250000000000025,355.2818020298207
226,380.54081778957374,2.675884485837189,0.12519215889054913,11.300000000000026,355.6398199188979
227,380.9637945713842,2.6829675593611326,0.15813024126620998,11.350000000000026,355.9997356651271
228,381.3892892563896,2.691706574621296,0.19142705832570878,11.400000000000027,356.3619998793201
229,381.81779470432826,2.7021213815542375,0.22515906647059653,11.450000000000028,356.7270728773527
230,382.2498159333398,2.7142356907909195,0.25940422057510426,11.500000000000028,357.09542664661086
231,382.6858722495491,2.728077155122217,0.2942422343436941,11.55000000000003,357.46754689482583
232,383.12649947575017,2.7436774640274777,0.32975484218735174,11.60000000000003,357.84393519615645
233,383.57225229516183,2.761072451334724,0.3660260622801346,11.65000000000003,358.22511125023243
234,384.02370672721906,2.7803022160576876,0.4031424601885674,11.700000000000031,358.6116152708632
235,384.481462753489,2.8014112564164884,0.44119341213535984,11.750000000000032,359.004010522242
236,384.9461471130678,2.8244486169920484,0.48027136655389163,11.800000000000033,359.4028860217434
237,385.41841628822607,2.8494680488852064,0.5204721020968592,11.850000000000033,359.80885942982434
238,385.8989597026261,2.8765281826451736,0.5618949796646058,11.900000000000034,360.22258014910193
239,386.3885031561417,2.905692713592706,0.6046431852960193,11.950000000000035,360.6447326563932
240,386.8878125221593,2.937030598984357,0.648823959893921,12.000000000000036,361.0760400933617
241,387.39769773523,2.9706162662373257,0.6945488107098529,12.050000000000036,361.5172681434234
242,387.91901709906284,3.006529831150119,0.741933698257669,12.100000000000037,361.96922922470316
243,388.45268194707745,3.044857324701158,0.7910991908235033,12.150000000000038,362.43278703109246
244,388.99966169005023,3.085690926572222,0.8421705769476902,12.200000000000038,362.90886145580896
245,389.56098928774657,3.129129203010398,0.8952779241215278,12.250000000000039,363.3984339342656
246,390.13776718377846,3.1752773459926478,0.9505560694106447,12.30000000000004,363.9025532454643
247,390.7311737451885,3.224247409869603,1.0081445247216283,12.35000000000004,364.4223418134668
248,391.3424702503328,3.27615854071477,1.0681872758960418,12.400000000000041,364.95900255266173
249,391.973008470382,3.331137192463078,1.1308324506646925,12.450000000000042,365.51382630241227
250,392.62423889100745,3.3893173225554905,1.1962318256365603,12.500000000000043,366.088199898061
251,393.29771962132975,3.4508405581765835,1.2645401368372287,12.550000000000043,366.68361492595886
252,393.995126036698,3.515856322236942,1.3359141517542887,12.600000000000044,367.30167720988953
253,394.71826119994813,3.584521905964809,1.4105114532972622,12.650000000000045,367.9441170746066
254,395.46906710199335,3.6570024722796814,1.4884888774513902,12.700000000000045,368.6128004287196
255,396.2496367563281,3.733470970968774,1.5700005366316887,12.750000000000046,369.3097407032729
256,397.06222717253314,3.8141079430172984,1.655195349794072,12.800000000000047,370.0371116733223
257,397.9092732202435,3.8991011871966994,1.7442139882570205,12.850000000000048,370.7972611767222
258,398.79340237614986,3.988645257135864,1.8371851330370872,12.900000000000048,371.5927257260858
259,399.71745032109834,4.082940751541738,1.9342209255331946,12.950000000000049,372.4262459851158
260,400.684477320588,4.182193353965848,2.035411479009382,13.00000000000005,373.3007830476136
261,401.69778527801185,4.28661257152605,2.1408183041625093,13.05000000000005,374.2195354145319
262,402.76093529358593,4.396410114321861,2.250466489080026,13.100000000000051,375.18595650919747
263,403.87776549046316,4.511797849018716,2.3643354634758946,13.150000000000052,376.20377250071795
264,405.052408780144,4.632985251395376,2.482348171168687,13.200000000000053,377.2770001177003
265,406.2893101288025,4.760176273836369,2.6043584759516736,13.250000000000053,378.40996402560006
266,407.59324275126636,4.893565535246288,2.7301366377625813,13.300000000000054,379.6073132079876
267,408.969322496894,5.0333337333008235,2.8593527228573934,13.350000000000055,380.8740356315268
268,410.42301949867306,5.179642173218352,2.9915578591414596,13.400000000000055,382.2154702836559
269,411.9601659315786,5.332626304534594,3.126163322760531,13.450000000000056,383.6373154488466
270,413.586958468227,5.492388159264012,3.26241755257039,13.500000000000057,385.1456318334478
271,415.3099537313065,5.658987593337727,3.39938134426932,13.550000000000058,386.7468388625253
272,417.1360547290724,5.832432250792027,3.535901685402233,13.600000000000058,388.4477021605292
273,419.0724859335936,6.012666199792823,3.670584965349404,13.650000000000059,390.2553099020358
274,421.1267543397926,6.199557234590354,3.80177063812792,13.70000000000006,392.1770353972839
275,423.3065935541857,6.392882901549971,3.927506833548851,13.75000000000006,394.2204829869304
276,425.6198877444003,6.592315394136148,4.045529899887485,13.800000000000061,396.3934140997186
277,428.0745721857375,6.797405574304686,4.153250403260761,13.850000000000062,398.703650226798
278,430.67850723471446,7.007566518189514,4.247748673619624,13.900000000000063,401.15894965214056
279,433.43932291993406,7.2220571521587,4.325783521401909,13.950000000000063,403.7668551275929
280,436.36423205531696,7.4399667378605345,4.383818173033975,14.000000000000064,406.5345103806165
281,439.4598109390046,7.660201173699273,4.418067679488314,14.050000000000065,409.46844448169367
282,442.7317483818799,7.8814722910836315,4.424571904944632,14.100000000000065,412.5743247554496
283,446.1845660629295,8.102291515328595,4.3992975491338315,14.150000000000066,415.8566811454179
284,449.8213160331375,8.320969404066972,4.338271344706993,14.200000000000067,419.31860773658883
285,453.64326450544866,8.535622634248632,4.237744478803083,14.250000000000068,422.96145042430373
286,457.6495746914536,8.744189941662182,4.094385368307669,14.300000000000068,426.78449331109704
287,461.83700506885486,8.944458284288014,3.9054942468828457,14.350000000000069,430.78466001106545
288,466.1996426551686,9.13410007045788,3.669228845592997,14.40000000000007,434.9562492159224
289,470.72869308815626,9.310721649851805,3.3848262162486193,14.45000000000007,439.2907260979734
290,475.4123499920562,9.471922422349643,3.0528021012486284,14.500000000000071,443.7765918167239
291,480.2357647059222,9.615362925169553,2.6751069742836333,14.550000000000072,448.39935202586014
292,485.1811335940181,9.738839200922982,2.2552177518409544,14.600000000000072,453.14160147493186
293,490.227913762264,9.840359752631375,1.7981468266734832,14.650000000000073,457.98323547799225
294,495.35316936856094,9.918220603450054,1.3103557526911433,14.700000000000074,462.90179047492734
295,500.5320405628096,9.971073545588947,0.7995693306802885,14.750000000000075,467.8729058575045
296,505.73831652574,9.997982702022313,0.27449611339199387,14.800000000000075,472.8708887630014
297,510.945084426886,9.99846509481581,-0.2555279544486872,14.850000000000076,477.86935397561393
298,516.1254187312157,9.972511994400442,-0.7809466321326686,14.900000000000077,482.841903749537
299,521.2530712423995,9.92058930847031,-1.292408599939834,14.950000000000077,487.76280836090376
300,526.3031221961502,9.843616978492312,-1.7811758167955007,15.000000000000078,492.6076481218669
301,531.2525566210459,9.742929065307717,-2.239482239563702,15.050000000000079,497.3538814604478
302,536.0807374695851,9.620217701406174,-2.66081647759915,15.10000000000008,501.9813108915702
303,540.7697566113604,9.477465185115733,-3.040111290160215,15.15000000000008,506.47242820832423
304,545.3046553376843,9.316869081757764,-3.373833515373599,15.200000000000081,510.8126306826549
305,549.6735162155753,9.140765254756019,-3.6599783319503634,15.250000000000082,514.9903101547826
306,553.8674368359503,8.951553331924114,-3.897980261741517,15.300000000000082,518.9968255074967
307,557.8804024865759,8.751628334345092,-4.088559108323819,15.350000000000083,522.8263754326223
308,561.7090787301202,8.543321203619199,-4.233521786972562,15.400000000000084,526.4757922920328
309,565.3525463549073,8.328849905302421,-4.335540968984464,15.450000000000085,529.9442793292856
310,568.8120005546447,8.110281787653701,-4.3979292490517405,15.500000000000085,533.233112863043
311,572.0904340145781,7.8895070251490464,-4.424423934604883,15.550000000000086,536.3453289180368
312,575.192320415497,7.668222325532675,-4.418993332272518,15.600000000000087,539.2854105997267
313,578.1233112509974,7.44792364118446,-4.385671219038358,15.650000000000087,542.0589889279725
314,580.8899552240447,7.229906386214586,-4.328422490240663,15.700000000000088,544.6725662456438
315,583.4994461578016,7.015271588182876,-4.251040027136033,15.750000000000089,547.1332680184421
316,585.9594025112639,6.804936457707278,-4.157070704580435,15.80000000000009,549.4486260281137
317,588.2776793156453,6.599647999778608,-4.04976712048579,15.85000000000009,551.6263937141628
318,590.4622116465234,6.399998480923788,-3.9320609538018108,15.900000000000091,553.6743927419541
319,592.5208875706617,6.206441776982884,-3.806553694912006,15.950000000000092,555.600388718508
320,594.4614477770817,6.019309835454537,-3.675520688010975,16.000000000000092,557.4119932632681
321,596.2914087301884,5.838828679684083,-3.540924843320043,16.050000000000093,559.1165892808032
322,598.0180060807955,5.665133551334218,-3.40443690871937,16.100000000000094,560.7212761885258
323,599.6481551600697,5.498282929044631,-3.267459755083054,16.150000000000095,562.232831946917
324,601.1884255957541,5.338271274759168,-3.1311546731647915,16.200000000000095,563.657688957063
325,602.6450273773296,5.185040446825751,-2.996468169856556,16.250000000000096,565.001921178824
326,604.0238060177876,5.038489783792974,-2.8641581720506655,16.300000000000097,566.2712401438932
327,605.330244786495,4.89848490846782,-2.734818892739063,16.350000000000097,567.4709978638176
328,606.5694723015525,4.764865331911872,-2.6089038893669785,16.400000000000098,568.6061949453804
329,607.7462740596472,4.63745095502262,-2.4867470560471374,16.4500000000001,569.6814925133924
330,608.8651067405766,4.516047574137992,-2.368581448217975,16.5000000000001,570.7012267979864
331,609.9301143501145,4.400451499206527,-2.254555950310073,16.5500000000001,571.6694254678298
332,610.9451454589685,4.29045339050227,-2.144749873082408,16.6000000000001,572.5898249826334
333,611.913770959137,4.185841414219634,-2.039185615612833,16.6500000000001,573.4658883998833
334,612.8393018948163,4.086403809770879,-1.9378395543694977,16.700000000000102,574.3008232047088
335,613.7248070363268,3.9919309531254314,-1.8406513340093456,16.750000000000103,575.0975988414348
336,614.573129955633,3.9022169917201475,-1.7475317360527824,16.800000000000104,575.8589637139582
337,615.3869054340814,3.8170611177776275,-1.6583692958663272,16.850000000000104,576.5874614928007
338,616.1685750898797,3.736268538587524,-1.573035828092507,16.900000000000105,577.2854466224227
339,616.9204021572124,3.659651194611003,-1.4913910077495498,16.950000000000106,577.9550989657336
340,617.6444853829843,3.587028269255265,-1.413286140082871,17.000000000000107,578.5984375559553
341,618.3427720329643,3.5182265278687126,-1.3385672378590008,17.050000000000107,579.2173334510253
342,619.0170700182044,3.4530805179230426,-1.267077510799726,17.100000000000108,579.8135217041882
343,619.6690591664096,3.391432657445298,-1.1986593586683767,17.15000000000011,580.3886124776876
344,620.3003016725568,3.3331332344938485,-1.133155947375499,17.20000000000011,580.944101335632
345,620.9122517694398,3.2780403367821713,-1.0704124364779977,17.25000000000011,581.4813787581105
346,621.5062646626903,3.2260197273845868,-1.0102769166297956,17.30000000000011,582.0017389221842
347,622.0836047768012,3.17694467975052,-0.9526011068727178,17.35000000000011,582.506387797094
348,622.6454533592348,3.130695782952554,-0.8972408540681407,17.400000000000112,582.9964506013639
349,623.1929154892196,3.0871607261464704,-0.8440564701777701,17.450000000000113,583.472978668817
350,623.7270265366094,3.0462340695812617,-0.7929129374111012,17.500000000000114,583.9369557691508
351,624.2487581144527,3.0078170081209454,-0.7436800063709651,17.550000000000114,584.3893039268679
352,624.7590235668524,2.9718171320901794,-0.6962322081529863,17.600000000000115,584.8308887801971
353,625.2586830314422,2.9381481892987393,-0.6504487978010661,17.650000000000116,585.2625245193111
354,625.748548113459,2.9067298513069493,-0.6062136435075772,17.700000000000117,585.6849784407351
355,626.2293862060335,2.8774874863399242,-0.5634150734000578,17.750000000000117,586.0989751524372
356,626.701924488999,2.8503519407213975,-0.52194568961,17.800000000000118,586.505200461736
357,627.1668536362919,2.8252593302593474,-0.48170215751581796,17.85000000000012,586.9043049758968
358,627.6248312598867,2.80215084265982,-0.4425849765404558,17.90000000000012,587.2969074431478
359,628.0764851162178,2.780972551758745,-0.4044982376202978,17.95000000000012,587.6835978598295
360,628.522416099182,2.76167524413279,-0.36734937140802426,18.00000000000012,588.0649403675324
361,628.9632010421076,2.7442142584696794,-0.33104889039518104,18.05000000000012,588.4414759623518
362,629.3993953495104,2.7285493379378525,-0.29551012741261473,18.100000000000122,588.8137250368299
363,629.8315354780441,2.714644495687886,-0.26064897236487705,18.150000000000123,589.1821897737283
364,630.2601412847773,2.702467893538125,-0.22638360855813267,18.200000000000124,589.5473564095086
365,630.6857182598009,2.691991733839486,-0.19263424957312208,18.250000000000124,589.9096973842616
366,631.1087596591713,2.683192164475441,-0.15932287730112987,18.300000000000125,590.2696733938367
367,631.5297485533343,2.676049196929302,-0.12637298148989023,18.350000000000126,590.627735359056
368,631.949159805436,2.670546637339243,-0.09370930092811665,18.400000000000126,590.9843263261662
369,632.3674619933121,2.666672030459564,-0.06125756622388269,18.450000000000127,591.339883312068
370,632.7851192884563,2.664416616452484,-0.028944243996923223,18.500000000000128,591.6948391073694
371,633.2025933048856,2.6637753004464386,0.0033037177970301926,18.55000000000013,592.0496240499328
372,633.6203449305565,2.66474663481288,0.03555914376442148,18.60000000000013,592.4046677813202
373,634.0388361538328,2.667332814132598,0.06789488459525322,18.65000000000013,592.7604009983876
374,634.4585318974603,2.671539682843245,0.10038407062984311,18.70000000000013,593.1172572122379
375,634.8799018725713,2.6773767555809402,0.13310036589071278,18.75000000000013,593.4756745268041
376,635.3034224654182,2.684857250249234,0.16611822297300474,18.800000000000132,593.8360974495149
377,635.7295786698247,2.693998133867259,0.19951313913547356,18.850000000000133,594.198978746779
378,636.1588660787448,2.704820181264152,0.23336191385576277,18.900000000000134,594.5647813574276
379,636.5917929488392,2.7173480466974405,0.2677429080053426,18.950000000000134,594.9339803777721
380,637.0288823526171,2.7316103484774974,0.30273630465700546,19.000000000000135,595.3070651325676
381,637.4706744334561,2.747639766676401,0.3384243713558278,19.050000000000136,595.6845413469387
382,637.9177287796987,2.7654731539856243,0.37489172345623833,19.100000000000136,596.0669334352094
383,638.3706269350515,2.7851516597602686,0.4122255878449306,19.150000000000137,596.4547869236027
384,638.8299750636729,2.8067208672451507,0.4505160660216493,19.200000000000138,596.8486710249341
385,639.2964067896324,2.830230943916354,0.4898563950850813,19.25000000000014,597.2491813847292
386,639.7705862318775,2.8557368047867255,0.530343204654482,19.30000000000014,597.6569430196399
387,640.2532112574321,2.8832982884101206,0.5720767671317516,19.35000000000014,598.0726134706374
388,640.7450169772949,2.9129803451711083,0.6151612379526523,19.40000000000014,598.4968861952051
389,641.2467795113891,2.9448532372571403,0.659704881565239,19.45000000000014,598.9304942246542
390,641.759320050941,2.9789927494705037,0.7058202777795177,19.500000000000142,599.3742141147242
391,642.2835092488102,3.0154804097376844,0.7536245018211911,19.550000000000143,599.8288702197998
392,642.8202719705533,3.0544037178022494,0.8032392698548425,19.600000000000144,600.295339323366
393,643.3705924413293,3.0958563801300967,0.8547910398726625,19.650000000000144,600.7745556596856
394,643.935519826121,3.1399385484965445,0.9084110556215987,19.700000000000145,601.2675163641023
395,644.5161742830816,3.1867570590440595,0.9642353186049898,19.750000000000146,601.7752873917707
396,645.1137535320436,3.2364256677751406,1.0224044700768975,19.800000000000146,602.2990099469224
397,645.7295399822381,3.2890652774510474,1.0830635612730428,19.850000000000147,602.8399074668891
398,646.3649084649173,3.344804149673794,1.1463616858083285,19.900000000000148,603.3992932068729
399,647.0213346176718,3.403778094501939,1.212451443127404,19.95000000000015,603.9785784727035
400,647.7004039675296,3.4661306282513205,1.281488196026587,20.00000000000015,604.5792815493086
401,648.4038217591202,3.5320130881162757,1.3536290784759382,20.05000000000015,605.2030373720398
402,649.1334235718612,3.601584689866742,1.4290317021659478,20.10000000000015,605.8516079859539
403,649.8911867658032,3.6750125120788852,1.5078525013018176,20.15000000000015,606.5268938341508
404,650.6792427887948,3.7524713870852158,1.59024464510994,20.200000000000152,607.2309459096954
405,651.4998903672376,3.8341436750257842,1.6763554362847426,20.250000000000153,607.9659787957324
406,652.3556095879243,3.9202188929868873,1.7663231012297795,20.300000000000153,608.734384604179
407,653.249076858103,4.0108931661735525,1.8602728645667441,20.350000000000154,609.5387478037019
408,654.1831807035837,4.106368462332683,1.9583121862649642,20.400000000000155,610.3818609011239
409,655.1610383286713,4.206851564198333,2.060525025333608,20.450000000000156,611.2667409052838
410,656.1860128149783,4.3125527275712425,2.166964980027055,20.500000000000156,612.1966464566879
411,657.261730776392,4.4236839648169735,2.277647141992003,20.550000000000157,613.1750954477168
412,658.3921002119723,4.540456885179785,2.392538492234799,20.600000000000158,614.2058828840256
413,659.5813282043699,4.663080014560663,2.511546662290213,20.65000000000016,615.2930986451354
414,660.8339379952719,4.79175550861732,2.63450688733443,20.70000000000016,616.4411446878536
415,662.1547848281026,4.926675164692744,2.7611669928961327,20.75000000000016,617.6547510967736
416,663.549069778579,5.06801563085856,2.8911702880128267,20.80000000000016,618.938990218505
417,665.0223505930683,5.215932705226987,3.0240362910626986,20.85000000000016,620.2992879177777
418,666.5805483214116,5.370554616924234,3.1591392972271564,20.900000000000162,621.741430762446
419,668.2299482650882,5.531974183400417,3.2956849169485847,20.950000000000163,623.2715676807364
420,669.9771934662585,5.700239749190486,3.432684882115763,21.000000000000163,624.896204340649
421,671.8292686453722,5.875344831427174,3.5689306406623555,21.050000000000164,626.6221881850579
422,673.793472167425,6.0572164304003335,3.70296654973975,21.100000000000165,628.4566817292935
423,675.877373299989,6.245702012713734,3.8330638392067167,21.150000000000166,630.4071214108743
424,678.0887517499044,6.44055524378777,3.957196952633005,21.200000000000166,632.4811590032884
425,680.435516271796,6.64142063917182,4.073024375920692,21.250000000000167,634.6865824086093
426,682.9255990853914,6.847817423326335,4.177876615088541,21.300000000000168,637.0312125817699
427,685.566822988698,7.059123031812686,4.268754548291997,21.35000000000017,639.5227734806833
428,688.3667384914597,7.27455686741779,4.342341893574004,21.40000000000017,642.1687323615481
429,691.3324291068084,7.493165118246866,4.395035916905315,21.45000000000017,644.9761085360137
430,694.4702842168555,7.713807656811584,4.423000639726864,21.50000000000017,647.951249964328
431,697.785740743965,7.93514824777098,4.422246550819324,21.55000000000017,651.0995788500331
432,701.2829972538146,8.155649474931824,4.388740028672148,21.600000000000172,654.4253097679309
433,704.9647070713212,8.373573924360487,4.318544189277977,21.650000000000173,657.9311467812674
434,708.8316604033782,8.586993192404178,4.207990582600462,21.700000000000173,661.6179693855872
435,712.8824691206344,8.793806184001548,4.05387804619006,21.750000000000174,665.4845207456764
436,717.1132714163127,8.991767888864565,3.8536911994954828,21.800000000000175,669.5271152340372
437,721.5174765729375,9.178529341931975,3.605826821100717,21.850000000000176,673.7393852780725
438,726.0855719755555,9.351688780703203,3.3098121914669907,21.900000000000176,678.112089430629
439,730.8050147334333,9.508853126195845,2.9664960903702107,21.950000000000177,682.6330038194072
440,735.6602283037289,9.647707894332273,2.5781913065200714,22.000000000000178,687.2869172001253
441,740.6327200356416,9.76609258833363,2.148748013910299,22.05000000000018,692.0557454223206
442,745.7013285713196,9.862077661764523,1.6835407457294662,22.10000000000018,696.9187742126543
443,750.8426009515438,9.934038425734089,1.1893580872994995,22.15000000000018,701.8530301848524
444,756.031288903616,9.980720944982405,0.6741931841977771,22.20000000000018,706.833769713933
445,761.2409433104567,10.001295131963566,0.14694368659100077,22.25000000000018,711.8350649297648
446,766.4445766316824,9.99539094667673,-0.38295969383975864,22.300000000000182,716.8304569386102
447,771.6153563738652,9.963114801254157,-0.9059679841615742,22.350000000000183,721.7936397657586
448,776.7272895842788,9.905044826311347,-1.412838495490373,22.400000000000183,726.6991354163205
449,781.7558592498368,9.822205388346225,-1.8950342265328348,22.450000000000184,731.5229213508634
450,786.6785782804329,9.7160229289562,-2.345066512067754,22.500000000000185,736.2429764286635
451,791.475434713888,9.588266611811596,-2.756756509407631,22.550000000000185,740.8397192596226
452,796.1292117348867,9.440978246007115,-3.1254009401720455,22.600000000000186,745.2963227717016
453,800.6256766924331,9.276396415187753,-3.4478382557580454,22.650000000000187,749.598899294287
454,804.9536432271012,9.096879677191351,-3.722421393093218,22.700000000000188,753.7365602873518
455,809.1049188471364,8.904833181766863,-3.948911204043503,22.75000000000019,757.7013629871067
456,813.074156182687,8.70264221012599,-4.128309707404509,22.80000000000019,761.48816205898
457,816.8586294851415,8.492615118839877,-4.262654360925611,22.85000000000019,765.0943876368174
458,820.4579588778671,8.27693711602213,-4.354793925313223,22.90000000000019,768.5197720379466
459,823.8738038217352,8.057635327739565,-4.40816386465339,22.95000000000019,771.7660463916884
460,827.1095447871586,7.836554807424722,-4.426575398849205,23.000000000000192,774.836625954177
461,830.1699688014407,7.6153445413714875,-4.414028053060099,23.050000000000193,777.7362995783668
462,833.0609708832932,7.395452115308821,-4.374551443912288,23.100000000000193,780.4709351778581
463,835.789279793221,7.178125511268623,-4.312078508811498,23.150000000000194,783.0472094706344
464,838.3622133002276,6.964420465906909,-4.2303496316543665,23.200000000000195,785.4723670919315
465,840.7874654528822,6.755211900330157,-4.132845191945681,23.250000000000195,787.7540114828496
466,843.072926207775,6.551208087269472,-4.022742898119043,23.300000000000196,789.8999278529849
467,845.2265321994681,6.352966419211095,-3.9028957289311688,23.350000000000197,791.9179369691661
468,847.2561463753057,6.160909853195602,-3.775826244335379,23.400000000000198,793.8157774801263
469,849.1694635836116,5.975343314536131,-3.6437332885327933,23.4500000000002,795.6010138664549
470,850.9739389050063,5.796469529843562,-3.508507562877833,23.5000000000002,797.2809668169751
471,852.6767354676808,5.624403922474611,-3.371753092705384,23.5500000000002,798.8626627911325
472,854.2846886125824,5.459188338224194,-3.2348121761601636,23.6000000000002,800.3527996567426
473,855.8042835109236,5.30080347619267,-3.098791936297263,23.6500000000002,801.7577255314034
474,857.2416436352269,5.1491799815875705,-2.9645910720951814,23.700000000000202,803.0834282555425
475,858.6025278099165,5.004208217082474,-2.8329258068123737,23.750000000000203,804.3355332495382
476,859.8923338927585,4.8657467709256705,-2.7043543610294525,23.800000000000203,805.5193078314769
477,861.1161074474785,4.733629786876973,-2.5792995370244243,23.850000000000204,806.6396703794373
478,862.2785540506675,4.607673216547349,-2.4580691987127015,23.900000000000205,807.7012030029617
479,863.3840541275753,4.487680101677705,-2.3408745766568737,23.950000000000205,808.7081666377114
480,864.436679430046,4.373444994696251,-2.227846430180976,24.000000000000206,809.6645176937931
481,865.4402104564102,4.264757622449589,-2.119049167319591,24.050000000000207,810.5739255727052
482,866.3981542697925,4.161405891802778,-2.014493066023995,24.100000000000207,811.4397905225218
483,867.3137623009454,4.06317832797846,-1.9141447633314252,24.150000000000208,812.2652614287695
484,868.190047827654,3.969866027886379,-1.8179361884506748,24.20000000000021,813.0532532427378
485,869.0298029082327,3.881264201873583,-1.7257721151778667,24.25000000000021,813.806463832975
486,869.8356146147876,3.7971733687062637,-1.637536502007182,24.30000000000021,814.5273901125756
487,870.6098804655754,3.717400260437332,-1.5530977772068553,24.35000000000021,815.2183433473906
488,871.3548229974881,3.641758486274346,-1.4723132127967324,24.40000000000021,815.8814635910081
489,872.072503451617,3.570068997718117,-1.3950325170770472,24.450000000000212,816.5187332234316
490,872.7648345688793,3.5021603911173296,-1.321100761004923,24.500000000000213,817.1319895936871
491,873.4335925103964,3.4378690783664765,-1.2503607398796681,24.550000000000214,817.7229367836865
492,874.0804279300032,3.377039351727486,-1.1826548588410741,24.600000000000215,818.2931565228423
493,874.7068762350359,3.3195233646303035,-1.1178266188066035,24.650000000000215,818.8441182912586
494,875.3143670772425,3.2651810467476987,-1.0557217687602285,24.700000000000216,819.3771886546606
495,875.9042331190328,3.2138799685859816,-0.9961891807673378,24.750000000000217,819.8936398772845
496,876.4777181218687,3.1654951682282917,-0.9390814956858787,24.800000000000217,820.3946578602884
497,877.0359844038716,3.119908950655474,-0.884255580202207,24.850000000000218,820.8813494533074
498,877.5801197130321,3.077010668200494,-0.8315728294525273,24.90000000000022,821.3547491859184
499,878.1111435610419,3.0366964891193,-0.7808993440016327,24.95000000000022,821.8158254642699
500,878.6300130609361,2.998869159942731,-0.7321060052433638,25.00000000000022,822.2654862761926
501,879.1376283096131,2.9634377661735187,-0.6850684692687347,25.05000000000022,822.7045844458918
502,879.6348373540103,2.9303174949775452,-0.6396670958309026,25.10000000000022,823.1339224769604
503,880.1224407773578,2.89942940276115,-0.5957868261412945,25.150000000000222,823.5542570200402
504,880.6011959395753,2.8707001899021756,-0.5533170207863708,25.200000000000223,823.9663029990554
505,881.0718209035787,2.8440619843907258,-0.5121512669957943,25.250000000000224,824.3707374276082
506,881.5349980770497,2.8194521357183913,-0.47218716276390055,25.300000000000225,824.7682029448886
507,881.9913775971289,2.796813020016764,-0.43332608387822064,25.350000000000225,825.1593110983354
508,882.4415804835268,2.776091857174434,-0.395472938698824,25.400000000000226,825.5446453983088
509,882.8862015837295,2.757240540445356,-0.3585359145237237,25.450000000000227,825.9247641682026
510,883.3258123322961,2.7402154788912916,-0.32242621853709685,25.500000000000227,826.3002032117404
511,883.7609633447192,2.724977452869055,-0.28705781564177774,25.550000000000228,826.6714783176726
512,884.1921868649399,2.7114914826730123,-0.2523471649025989,25.60000000000023,827.0390876207031
513,884.6199990843658,2.699726710369183,-0.21821295585342132,25.65000000000023,827.4035138362372
514,885.0449023491473,2.6896562948046543,-0.18457584553187964,25.70000000000023,827.7652263854462
515,885.4673872715005,2.6812573197410248,-0.15135819678839446,25.75000000000023,828.1246834261794
516,885.8879347600326,2.6745107150399456,-0.11848381815856132,25.80000000000023,828.4823338044226
517,886.3070179833207,2.6694011908197033,-0.08587770538128252,25.850000000000232,828.8386189403001
518,886.7251042804077,2.6659171845019713,-0.05346578448134415,25.900000000000233,829.1939746620312
519,887.1426570314131,2.6640508206752083,-0.021174656208427935,25.950000000000234,829.5488330007882
520,887.5601375011069,2.663797883714098,0.011068658470012866,26.000000000000234,829.9036239590522
521,887.9780066680519,2.66515780311134,0.04333697219062765,26.050000000000235,830.2587772648264
522,888.3967270517984,2.6681336514976217,0.07570318473947865,26.100000000000236,830.6147241239391
523,888.8167645505916,2.672732155346574,0.10824053674514152,26.150000000000237,830.9718989826504
524,889.2385903021499,2.678963718382624,0.14102286393582206,26.200000000000237,831.3307413128709
525,889.662682580273,2.6868424577297794,0.17412485234447309,26.250000000000238,831.6916974325039
526,890.0895287403575,2.6963862528572764,0.20762229478828126,26.30000000000024,832.0552223737338
527,890.5196272273245,2.70761680739233,0.24159234886367187,26.35000000000024,832.4217818125176
528,890.9534896600142,2.720559723879538,0.27611379658187124,26.40000000000024,832.7918540730774
529,891.39164300677,2.7352445915691215,0.31126730561864774,26.45000000000024,833.1659322218628
530,891.8346318677277,2.751705087310253,0.34713569195943256,26.50000000000024,833.5445262662392
531,892.2830208802468,2.7699790896089818,0.38380418348046963,26.550000000000242,833.9281654740828
532,892.737397264979,2.79010880588012,0.42136068370919005,26.600000000000243,834.3174008315153
533,893.1983735312608,2.8121409128758073,0.4598960346419956,26.650000000000244,834.7128076572088
534,893.6665903618564,2.836126710206561,0.4995042770522277,26.700000000000244,835.1149883930262
535,894.1427196985562,2.862122286779184,0.5402829061799544,26.750000000000245,835.5245755922501
536,894.6274680517694,2.8901886998545505,0.5823331200400383,26.800000000000246,835.9422351282885
537,895.1215800590215,2.920392166270945,0.6257600567941535,26.850000000000247,836.3686696485294
538,895.6258423191939,2.952804265177761,0.6706730166804606,26.900000000000247,836.8046222999519
539,896.1410875313913,2.987502151371268,0.7171856628516375,26.950000000000248,837.2508807551743
540,896.6681989695077,3.0245687780083834,0.765416194102868,27.00000000000025,837.7082815698195
541,897.208115325833,3.064093127083637,0.8154874808356093,27.05000000000025,838.1777149043916
542,897.7618359593903,3.1061704455743193,0.8675271536534312,27.10000000000025,838.6601296462395
543,898.330426587057,3.150902484572123,0.9216676316690068,27.15000000000025,839.1565389696036
544,898.9150254578432,3.198397738006576,0.9780460748549279,27.20000000000025,839.6680263741279
545,899.51685005289,3.248771676702952,1.0368042415260372,27.250000000000252,840.1957522444952
546,900.1372043556905,3.3021469724784263,1.0980882282200297,27.300000000000253,840.7409609758877
547,900.7774867385692,3.3586537057339707,1.1620480647612734,27.350000000000254,841.3049887116397
548,901.4391985123931,3.418429548510674,1.2288371320585842,27.400000000000254,841.8892717405462
549,902.1239531865484,3.4816199132076595,1.2986113641053003,27.450000000000255,842.4953556015483
550,902.8334864850927,3.5483780550598736,1.3715281886227715,27.500000000000256,843.1249049426299
551,903.5696671622416,3.6188651139979564,1.4477451527246508,27.550000000000257,843.7797141782954
552,904.3345086554526,3.693250078605454,1.5274181708009154,27.600000000000257,844.4617189854514
553,905.130181606658,3.7717096514935182,1.610699321475099,27.650000000000258,845.1730086702098
554,905.9590272708467,3.8544279914710784,1.6977341089668618,27.70000000000026,845.9158394272816
555,906.8235718152022,3.9415963033417185,1.788658091553737,27.75000000000026,846.6926484982075
556,907.7265414901133,4.033412240954594,1.8835927662302854,27.80000000000026,847.5060692134816
557,908.670878624125,4.130079083234822,1.9826405844141712,27.85000000000026,848.3589468751703
558,909.6597583564854,4.231804636297782,2.085878959153084,27.90000000000026,849.2543553991599
559,910.6966059713,4.338799807422597,2.193353110525548,27.950000000000262,850.1956145876044
560,911.78511463399,4.4512767886814375,2.305067583951534,28.000000000000263,851.1863078400771
561,912.9292632510354,4.569446779520832,2.4209762675643973,28.050000000000264,852.2303000336208
562,914.1333340748006,4.693517168792897,2.5409707318856065,28.100000000000264,853.3317552043085
563,915.4019295533795,4.823688087992647,2.6648667207928165,28.150000000000265,854.4951535428206
564,916.7399877775305,4.9601482392995555,2.792388641108573,28.200000000000266,855.725307070612
565,918.152795699841,5.103069895197326,2.9231519340677523,28.250000000000266,857.0273731883755
566,919.6459990927913,5.252602961985548,3.0566432716535825,28.300000000000267,858.4068650821885
567,921.2256079710796,5.408867998772232,3.192198611777745,28.350000000000268,859.8696577335955
568,922.8979959301677,5.571948088321457,3.328979277125029,28.40000000000027,861.421988008543
569,924.6698915512654,5.741879468652738,3.465946402620433,28.45000000000027,863.0704470001698
570,926.5483597011862,5.918640857255079,3.601834335491183,28.50000000000027,864.8219624800282
571,928.5407702280517,6.102141436355604,3.735123878348049,28.55000000000027,866.6837689854926
572,930.6547512432722,6.292207521402789,3.8640166452921454,28.60000000000027,868.6633627601125
573,932.8981239192864,6.488568009479318,3.9864122539174662,28.650000000000272,870.7684385007944
574,935.2788155661,6.690838803237247,4.099890593232911,28.700000000000273,873.0068046953397
575,937.8047477360797,6.898506531865261,4.201701966317582,28.750000000000274,875.3862743138491
576,940.4836963176753,7.110912044689806,4.288768465488104,28.800000000000274,877.9145278192148
577,943.3231210982608,7.327234333761751,4.357700431504722,28.850000000000275,880.5989459683076
578,946.3299631938161,7.546475743715912,4.404832183666237,28.900000000000276,883.4464107758322
579,949.5104101449867,7.7674495394562575,4.42628126273238,28.950000000000276,886.4630743932322
580,952.8696304329728,7.988771107235389,4.418035057869471,29.000000000000277,889.6540975834222
581,956.4114817033806,8.208854237261543,4.376067736147186,29.050000000000278,893.0233619778526
582,960.1382000659728,8.425914043289325,4.296488716266787,29.10000000000028,896.5731633510976
583,964.0500813360828,8.63797807790816,4.175721435272247,29.15000000000028,900.3038966148187
584,968.1451687574558,8.842907060233905,4.01070785322391,29.20000000000028,904.2137468786154
585,972.4189652276984,9.038426307981847,3.799130179029902,29.25000000000028,908.2984043848563
586,976.864190849536,9.222168433246155,3.53963702297488,29.30000000000028,912.5508239154144
587,981.470608187315,9.391727117774693,3.2320571347980556,29.350000000000282,916.9610508281517
588,986.2249373461066,9.544720858108203,2.877580791546684,29.400000000000283,921.516135641112
589,991.1108804372913,9.678864531312682,2.478887561074652,29.450000000000284,926.2001565718871
590,996.1092698998353,9.792045585059363,2.040200318979611,29.500000000000284,930.9943644088811
591,1001.1983476005196,9.882400739310754,1.5672495073801285,29.550000000000285,935.8774566274976
592,1006.3541721435778,9.948388451345927,1.0671387029450232,29.600000000000286,940.8259782664413
593,1011.5511412996011,9.988852177907832,0.5481120312109147,29.650000000000286,945.814836658046
594,1016.7626061532559,10.0030697604949,0.019234655815396486,29.700000000000287,950.8179068897124
595,1021.9615448388573,9.990785084573565,-0.5099921172857154,29.750000000000288,955.8086962200192
596,1027.1212578359314,9.95221945822244,-1.030051379759881,29.80000000000029,960.7610298272502
597,1032.2160446217936,9.888061776109451,-1.5318324484178976,29.85000000000029,965.6497181116581
598,1037.2218233601636,9.799438276717122,-2.0070194550957936,29.90000000000029,970.4511676386176
599,1042.1166609535903,9.687864337476663,-2.4484164840392344,29.95000000000029,975.1439034096852
600,1046.8811893500445,9.55518207685819,-2.850187024898515,30.00000000000029,979.7089786357808
601,1051.4988942353189,9.403488394826711,-3.2079957244172825,30.050000000000292,984.1302583353628
602,1055.95627279303,9.235058414544877,-3.519051141726157,30.100000000000293,988.3945735313656
603,1060.2428668179568,9.052269105197597,-3.782057817470457,30.150000000000293,992.4917523290113
604,1064.3511851793337,8.857527256592727,-3.9970932480876726,30.200000000000294,996.4145417840755
605,1068.276534912634,8.653205075160487,-4.165429690643756,30.250000000000295,1000.1584396877147
606,1072.0167829529164,8.441585628588447,-4.289322080636862,30.300000000000296,1003.7214580839542
607,1075.5720709385212,8.224819322068711,-4.371782166085318,30.350000000000296,1007.103840727988
608,1078.944504071828,8.004891652553122,-4.416355967537721,30.400000000000297,1010.3077552464437
609,1082.1378322931143,7.783601729123224,-4.426917670351239,30.450000000000298,1013.3369780403242
610,1085.1571385740092,7.562550499244521,-4.407488773751175,30.5000000000003,1016.1965865430054
611,1088.0085454630364,7.343137281362286,-4.3620873221155,30.5500000000003,1018.892669799652
612,1090.698947495239,7.126563050082079,-4.294608684670416,30.6000000000003,1021.4320648449918
613,1093.2357739618578,6.913838914192601,-4.208736795812993,30.6500000000003,1023.8221232715621
614,1095.6267839592545,6.705798328865712,-4.107883033937619,30.7000000000003,1026.0705098329329
615,1097.8798936401786,6.5031117523573245,-3.9951489154525235,30.750000000000302,1028.1850329561153
616,1100.0030341501983,6.306302661125832,-3.873308372671189,30.800000000000303,1030.1735056188013
617,1102.004037781938,6.115764049707829,-3.744805413392177,30.850000000000303,1032.0436341143861
618,1103.8905493341979,5.931774744828664,-3.61176327929842,30.900000000000304,1033.8029316955556
619,1105.6699594321979,5.7545150457718135,-3.4760017060102473,30.950000000000305,1035.4586538661563
620,1107.3493565649349,5.584081359168649,-3.3390594443866197,31.000000000000306,1037.017752097447
621,1108.9354947530567,5.420499624338872,-3.2022197631648064,31.050000000000306,1038.48684290632
622,1110.4347740163748,5.2637374260923595,-3.066537174214031,31.100000000000307,1039.8721894908622
623,1111.8532311183221,5.113714768127191,-2.9328640797038794,31.150000000000308,1041.1796934273502
624,1113.1965383917584,4.970313535279452,-2.8018764255247883,31.20000000000031,1042.4148942592994
625,1114.4700087733204,4.833385710589578,-2.6740977569637097,31.25000000000031,1043.582975130666
626,1115.6786054770648,4.702760437000253,-2.549921316322408,31.30000000000031,1044.6887729170567
627,1116.826955013817,4.578250026690242,-2.429630006291668,31.35000000000031,1045.736791582401
628,1117.919362506348,4.4596550263187265,-2.313414177019384,31.40000000000031,1046.7312177300896
629,1118.9598284613576,4.346768446067819,-2.201387288406779,31.450000000000312,1047.6759375262761
630,1119.952066338412,4.239379256132734,-2.0935995609158162,31.500000000000313,1048.5745543501425
631,1120.8995204058726,4.13727524761899,-1.9900497656152625,31.550000000000313,1049.4304066738705
632,1121.805383497518,4.0402453467169,-1.8906953236307034,31.600000000000314,1050.246585796954
633,1122.6726143842786,3.948081462304031,-1.7954608916860832,31.650000000000315,1051.0259531586034
634,1123.5039545565523,3.860579938318104,-1.7042456080334731,31.700000000000315,1051.7711570316108
635,1124.3019442769776,3.7775426737113813,-1.6169291648306656,31.750000000000316,1052.4846484641962
636,1125.0689378141033,3.6987779647752093,-1.5333768612351264,31.800000000000317,1053.1686963858315
637,1125.8071178065504,3.624101117243855,-1.4534437778068288,31.850000000000318,1053.8254018312318
638,1126.5185087371206,3.553334868912939,-1.376978198431579,31.90000000000032,1054.4567112657635
639,1127.2049895186742,3.4863096575534755,-1.3038243916958738,31.95000000000032,1055.064429017181
640,1127.8683052099877,3.422863763648727,-1.2338248499875484,32.00000000000032,1055.650228834406
641,1128.5100778914482,3.362843352887713,-1.166822071880521,32.05000000000032,1056.2156646052092
642,1129.1318167383913,3.3061024393647376,-1.1026599617552144,32.100000000000314,1056.7621802721878
643,1129.73492733497,3.2525027870010543,-1.0411849101738933,32.15000000000031,1057.2911189911604
644,1130.3207202743226,3.201913763764014,-0.9822466092672666,32.20000000000031,1057.8037315786894
645,1130.8904190920437,3.154212160753318,-0.9256986492455317,32.250000000000306,1058.3011842964415
646,1131.4451675799664,3.109281986099179,-0.8713989350467224,32.3000000000003,1058.7845660198955
647,1131.986036526392,3.067014241823278,-0.8192099559867626,32.3500000000003,1059.2548948378728
648,1132.514029927391,3.027306690305318,-0.7689989359825199,32.4000000000003,1059.7131241277311
649,1133.0300907119022,2.990063615735177,-0.7206378873853427,32.450000000000294,1060.1601481490384
650,1133.5351060211606,2.955195584877676,-0.6740035875961751,32.50000000000029,1060.5968071962825
651,1134.0299120806878,2.9226192106024036,-0.6289774943488923,32.55000000000029,1061.0238923487916
652,1134.5152987007064,2.8922569209079176,-0.5854456127680194,32.600000000000286,1061.4421498536185
653,1134.9920134384906,2.864036735574415,-0.5432983249605411,32.65000000000028,1061.8522851747546
654,1135.460765453889,2.837892052091594,-0.5024301909269916,32.70000000000028,1062.2549667397209
655,1135.922229087062,2.8137614421116566,-0.4627397279199343,32.75000000000028,1062.6508294123767
656,1136.3770471854173,2.791588459356604,-0.42412917399079453,32.800000000000274,1063.0404777186973
657,1136.8258342047889,2.7713214596516287,-0.3865042403077013,32.85000000000027,1063.4244888503335
658,1137.269179108127,2.7529134335521084,-0.34977385586213544,32.90000000000027,1063.803415468965
659,1137.707648083317,2.7363218518713777,-0.3138499073805094,32.950000000000266,1064.1777883328166
660,1138.141787100257,2.721508524292768,-0.27864697659249493,33.00000000000026,1064.5481187652065
661,1138.5721243259757,2.7084394711559225,-0.24408207645908322,33.05000000000026,1064.9149009836522
662,1138.9991724153688,2.6970848084389103,-0.21007438751150298,33.10000000000026,1065.2786143068477
663,1139.4234306940634,2.687418645909633,-0.17654499508168836,33.150000000000254,1065.6397252557667
664,1139.8453872489902,2.6794189983888277,-0.1434166279029704,33.20000000000025,1065.998689564213
665,1140.2655209414404,2.6730677100493287,-0.11061339831525983,33.25000000000025,1066.3559541133384
666,1140.6843033567075,2.668350391669636,-0.07806054411329165,33.300000000000246,1066.7119588039745
667,1141.1022007038548,2.6652563707619366,-0.04568417192227771,33.35000000000024,1067.0671383800689
668,1141.5196756787168,2.663778654503604,-0.01341100186675982,33.40000000000024,1067.4219242160782
669,1141.9371893029115,2.66391390541524,0.01883188678892749,33.45000000000024,1067.7767460808514
670,1142.3552027514338,2.6656624297460128,0.05111730940975516,33.500000000000234,1068.1320338903192
671,1142.7741791812975,2.669028178547067,0.08351822958391242,33.55000000000023,1068.4882194612132
672,1143.1945855737029,2.674018761434923,0.1161080129667036,33.60000000000023,1068.8457382780387
673,1143.616894602326,2.6806454730677807,0.14896068178573252,33.650000000000226,1069.2050312856527
674,1144.0415865405585,2.688923332377403,0.18215117038049006,33.70000000000022,1069.5665467200229
675,1144.4691512208647,2.6988711346164127,0.21575558208545947,33.75000000000022,1069.930741990086
676,1144.9000900598912,2.710511516294138,0.24985144767355963,33.80000000000022,1070.2980856240843
677,1145.334918163528,2.7238710330820215,0.28451798545261864,33.850000000000215,1070.6690592943273
678,1145.7741665268288,2.7389802507704055,0.3198363629468857,33.90000000000021,1071.044159935033
679,1146.2183843445175,2.755873849350227,0.3558899598923362,33.95000000000021,1071.4239019687095
680,1146.668141448763,2.774590740273477,0.39276463202118805,34.000000000000206,1071.8088196575102
681,1147.1240308919923,2.795174196912514,0.4305489747984351,34.0500000000002,1072.1994695970645
682,1147.5866716937442,2.8176719981871896,0.46933458589015226,34.1000000000002,1072.5964333715328
683,1148.0567117719334,2.842136585256434,0.5092163246764433,34.1500000000002,1073.0003203899955
684,1148.5348310804163,2.8686252310728375,0.5502925665551488,34.200000000000195,1073.411770925813
685,1149.021744976413,2.8972002224694533,0.5926654490967923,34.25000000000019,1073.8314593822668
686,1149.5182078431535,2.9279290542809684,0.6364411062841852,34.30000000000019,1074.2600978096118
687,1150.0250169950743,2.960884634788889,0.6817298860751257,34.350000000000186,1074.6984397006383
688,1150.543016894971,2.9961455015132787,0.7286465453326094,34.40000000000018,1075.1472840939502
689,1151.0731037147261,3.0337960460410054,0.7773104147376324,34.45000000000018,1075.607480016399
690,1151.6162302735252,3.073926746169689,0.8278455245928682,34.50000000000018,1076.0799312984398
691,1152.17341138983,3.116634403142365,0.8803806803925944,34.550000000000175,1076.5656017985823
692,1152.7457296857424,3.1620223811328505,0.9350494746194826,34.60000000000017,1077.0655210755215
693,1153.334341884685,3.2102008453949837,0.99199021836884,34.65000000000017,1077.5807905489103
694,1153.9404856454807,3.261286994586553,1.0513457730242912,34.700000000000166,1078.1125901919631
695,1154.5654869777575,3.3154052816928443,1.1132632582363844,34.75000000000016,1078.662185801057
696,1155.2107682850335,3.37268761667348,1.177893607800546,34.80000000000016,1079.23093688904
697,1155.8778570825796,3.433273542403113,1.2453909396003258,34.85000000000016,1079.8203052498884
698,1156.5683954369788,3.4973103736304147,1.315911699479507,34.900000000000155,1080.4318642423636
699,1157.2841501728278,3.5649532864945574,1.3896135316362639,34.95000000000015,1081.0673088391081
700,1158.0270238888158,3.6363653435634355,1.4666538198046724,35.00000000000015,1081.7284664847016
701,1158.7990668199154,3.7117174363382923,1.5471878340301566,35.050000000000146,1082.4173088010625
702,1159.6024895739154,3.7911881236474176,1.6313664072120002,35.10000000000014,1083.1359641705067
703,1160.4396767581661,3.874963340268268,1.719333053782688,35.15000000000014,1083.8867312149277
704,1161.313201495118,3.9632359454158435,1.8112204300001893,35.20000000000014,1084.6720931728796
705,1162.2258408017253,4.0562050753650345,1.9071460215349865,35.250000000000135,1085.4947331535504
706,1163.1805917765078,4.154075258398845,2.0072069296856743,35.30000000000013,1086.3575502161725
707,1164.1806884971534,4.257055243478174,2.111473613220062,35.35000000000013,1087.2636761834738
708,1165.2296194788455,4.36535648653299,2.219982429373713,35.40000000000013,1088.2164930461995
709,1166.3311454764914,4.479191230152195,2.332726806198078,35.450000000000124,1089.2196507500132
710,1167.4893173299085,4.598770103848322,2.4496468709994255,35.50000000000012,1090.2770850734157
711,1168.7084934466711,4.72429916324525,2.5706173584587972,35.55000000000012,1091.3930352026077
712,1169.9933563894701,4.855976277874094,2.6954336303852524,35.600000000000115,1092.5720604831715
713,1171.3489278802117,4.993986769340288,2.8237956611049886,35.65000000000011,1093.8190556757888
714,1172.7805813487,5.138498195255573,2.955289883515702,35.70000000000011,1095.1392638609211
715,1174.2940509373611,5.2896541706190074,3.0893688573475675,35.75000000000011,1096.5382859231586
716,1175.8954356241836,5.447567118744638,3.225328820919408,35.800000000000104,1098.02208529882
717,1177.591196845218,5.612309850250005,3.362285329511198,35.8500000000001,1099.5969863915807
718,1179.3881476903068,5.783905883381513,3.499147376946455,35.9000000000001,1101.2696647549715
719,1181.29343142079,5.962318444882687,3.6345906515668194,35.950000000000095,1103.0471268168808
720,1183.3144867319234,6.147438130977884,3.767030901563802,36.00000000000009,1104.9366765955908
721,1185.4589968804548,6.339069266444285,3.8945987822581296,36.05000000000009,1106.9458665538298
722,1187.734819554743,6.536915079864521,4.015118027714139,36.10000000000009,1109.0824294918978
723,1190.1498942290007,6.740561918356994,4.1260893192177575,36.150000000000084,1111.354188240658
724,1192.7121237764356,6.94946285779465,4.22468278694102,36.20000000000008,1113.7689399412513
725,1195.429227393283,7.16292122535409,4.307742631784165,36.25000000000008,1116.3343119652827
726,1198.3085624926628,7.380074737845801,4.371807820096135,36.300000000000075,1119.0575871220922
727,1201.3569142538713,7.599881165028694,4.413153084499271,36.35000000000007,1121.94549680822
728,1204.5802530426351,7.821106639645361,4.427854431069034,36.40000000000007,1125.0039822616552
729,1207.9834620115594,8.042317935865475,4.41188285682801,36.45000000000007,1128.2379261507324
730,1211.5700398632293,8.261880198104278,4.3612288663325165,36.500000000000064,1131.6508593711237
731,1215.341786955962,8.477961688318342,4.272058507993676,36.55000000000006,1135.2446510905534
732,1219.2984865012224,8.688547092027058,4.140898956456867,36.60000000000006,1139.019193619072
733,1223.437596270185,8.891460740480062,3.964848183000087,36.650000000000055,1142.972097324047
734,1227.7539695956903,9.084400733194796,3.7417991767544847,36.70000000000005,1147.0984141581105
735,1232.239627013851,9.264984360702078,3.4706648971593808,36.75000000000005,1151.3904109183131
736,1236.883601060481,9.430804435651806,3.151586246438438,36.80000000000005,1155.8374145334885
737,1241.6718759616465,9.579495179320338,2.7861026024198625,36.850000000000044,1160.4257509280196
738,1246.5874408036548,9.708805257406066,2.377263650789714,36.90000000000004,1165.1387959043313
739,1251.6104690577035,9.816674529327276,1.9296630912766792,36.95000000000004,1169.9571508450686
740,1256.7186292533481,9.901310212036154,1.4493796391313103,37.000000000000036,1174.858948040817
741,1261.8875217507932,9.961257612558597,0.9438184779837011,37.05000000000003,1179.8202807020048
742,1267.0912259637469,9.99546048192387,0.42145621691481394,37.10000000000003,1184.81574221429
743,1272.3029323229623,10.003306464720424,-0.10849683107670195,37.15000000000003,1189.8190492256458
744,1277.495625112057,9.984654065861431,-0.6364932667470532,37.200000000000024,1194.803715066392
745,1282.6427772400143,9.939838945984302,-1.1530728759737212,37.25000000000002,1199.7437349799973
746,1287.7190168081272,9.869659027751672,-1.649279714824327,37.30000000000002,1204.6142434462013
747,1292.7007281694987,9.775339633720218,-2.117038108721033,37.350000000000016,1209.3921066939304
748,1297.5665566296664,9.658481456222358,-2.549458966611348,37.40000000000001,1214.0564198959398
749,1302.297795031776,9.520995384432988,-2.9410564861564223,37.45000000000001,1218.5888875514595
750,1306.878640916645,9.365028951709178,-3.2878658299885735,37.50000000000001,1222.9740759147771
751,1311.2963233823275,9.192889369361827,-3.5874629498640616,37.550000000000004,1227.1995366626434
752,1315.5411079931082,9.006967816808475,-3.8388968765835076,37.6,1231.2558101252946
753,1319.6061952501425,8.80966896467455,-4.042551402058082,37.65,1235.1363234886521
754,1323.487532802471,8.603348757979155,-4.1999566806285955,37.699999999999996,1238.8372039812232
755,1327.1835637217914,8.390262431205038,-4.313571968107087,37.74999999999999,1242.3570291644478
756,1330.6949330834434,8.172523699533754,-4.3865590267255605,37.79999999999999,1245.6965363454199
757,1334.0241732881357,7.952075171508637,-4.422562411601549,37.84999999999999,1248.8583113220861
758,1337.1753856025846,7.730669318834328,-4.425508719482688,37.899999999999984,1251.8464737279444
759,1340.1539318500113,7.509858841986116,-4.399432620360745,37.94999999999998,1254.6663727192722
760,1342.9661465124643,7.290994978364009,-4.34833362050472,37.99999999999998,1257.3243031079987
761,1345.6190760637637,7.075232184920921,-4.276064330031618,38.049999999999976,1259.8272486315257
762,1348.1202493559467,6.863537650874572,-4.186248654030854,38.09999999999997,1262.1826560857744
763,1350.4774804433573,6.656704217088042,-4.082226778787744,38.14999999999997,1264.3982416374643
764,1352.698703369921,6.455365458947139,-3.967022980288903,38.19999999999997,1266.4818287978926
765,1354.7918371296764,6.26001189747937,-3.8433319940001613,38.249999999999964,1268.4412162457218
766,1356.7646781660576,6.071007515145432,-3.713519797056087,38.29999999999996,1270.2840728581693
767,1358.6248173138847,5.88860595181262,-3.5796350241258064,38.34999999999996,1272.0178568609556
768,1360.379577920263,5.7129659330355,-3.4434277490950698,38.399999999999956,1273.6497558485569
769,1362.0359719247294,5.544165632213385,-3.306372927915005,38.44999999999995,1275.1866444764278
770,1363.6006708652515,5.382215789482543,-3.169696352440768,38.49999999999995,1276.6350568166556
771,1365.0799890489873,5.2270715048055045,-3.0344014728771316,38.54999999999995,1278.0011706424732
772,1366.4798764423374,5.078642693539284,-2.901295887553438,38.599999999999945,1279.2908012229052
773,1367.8059191628545,4.93680324335726,-2.7710166660098507,38.64999999999994,1280.5094025360863
774,1369.063345775004,4.801398945454297,-2.6440539661090168,38.69999999999994,1281.6620741277568
775,1370.2570378893417,4.672254293965254,-2.520772634438919,38.749999999999936,1282.7535721371307
776,1371.391543832975,4.549178258568868,-2.4014316504942212,38.79999999999993,1283.7883232785425
777,1372.471094395057,4.43196913895928,-2.28620139864914,38.84999999999993,1284.770440800977
778,1373.4996198541796,4.320418608395652,-2.175178837101551,38.89999999999993,1285.7037416485655
779,1374.4807676664489,4.214315048589781,-2.0684006882080603,38.949999999999925,1286.591764215004
780,1375.417920336337,4.113446271072599,-1.9658548071925752,38.99999999999992,1287.437786226254
781,1376.3142131102697,4.017601711872239,-1.8674899020986429,39.04999999999992,1288.244842402016
782,1377.1725512286077,3.926574177547709,-1.7732237818860468,39.099999999999916,1289.0157416406053
783,1377.9956265484598,3.8401612118480886,-1.6829503055083117,39.14999999999991,1289.7530835472544
784,1378.7859334106076,3.758166143837414,-1.5965451955161827,39.19999999999991,1290.4592741854888
785,1379.545783671425,3.6803988704453916,-1.5138708673418737,39.24999999999991,1291.1365409777675
786,1380.277320857408,3.6066764191882377,-1.434780411469772,39.299999999999905,1291.786946717404
787,1380.9825334278364,3.5368233303014973,-1.3591208512713293,39.3499999999999,1292.4124026808922
788,1381.6632671518796,3.4706718917420556,-1.2867357851045178,39.3999999999999,1293.0146808498987
789,1382.3212366216007,3.408062255424713,-1.2174675078188981,39.449999999999896,1293.5954252667411
790,1382.9580359329743,3.348842458615957,-1.1511586943422645,39.49999999999989,1294.1561625573727
791,1383.5751485742237,3.292868370560389,-1.087653716693736,39.54999999999989,1294.6983116626645
792,1384.1739565652672,3.240003581105411,-1.0267996556164747,39.59999999999989,1295.2231928229432
793,1384.7557488945067,3.1901192452584577,-0.9684470590330186,39.649999999999885,1295.7320358628917
794,1385.3217293000869,3.143093895201569,-0.9124504916397816,39.69999999999988,1296.2259878245943
795,1385.873023442516,3.09881322924711,-0.8586689130931285,39.74999999999988,1296.7061199960822
796,1386.4106855144908,3.0571698854972085,-0.8069659163045684,39.799999999999876,1297.1734343815217
797,1386.935704332145,3.018063206523818,-0.7572098522600272,39.84999999999987,1297.6288696574504
798,1387.4490089499475,2.9813990001771606,-0.7092738634125421,39.89999999999987,1298.0733066573632
799,1387.9514738392586,2.947089300622874,-0.6630358439784653,39.94999999999987,1298.5075734246554
800,1388.4439236682153,2.915052132872498,-0.6183783423106164,39.999999999999865,1298.9324498715237
801,1388.927137718251,2.8852112833815964,-0.5751884178516862,40.04999999999986,1299.3486720790113
802,1389.4018539702163,2.8574960787223436,-0.5333574629195046,40.09999999999986,1299.756936271007
803,1389.8687728908053,2.8318411738733538,-0.4927809976823046,40.14999999999986,1300.1579024927091
804,1390.3285609478312,2.8081863512923535,-0.4533584450940594,40.199999999999854,1300.5521980218884
805,1390.7818538808592,2.786476331632881,-0.41499289123144373,40.24999999999985,1300.940420539226
806,1391.2292597518106,2.766660596722604,-0.37759083536526394,40.29999999999985,1301.3231410820988
807,1391.6713617983924,2.748693225227888,-0.34106193317626343,40.349999999999845,1301.7009068044194
808,1392.108721111611,2.732532741278481,-0.3053187357588352,40.39999999999984,1302.0742435635275
809,1392.5418791571587,2.718141976210316,-0.270276426421585,40.44999999999984,1302.4436583536692
810,1392.9713601591602,2.705487943497485,-0.2358525567698179,40.49999999999984,1302.8096416042897
811,1393.3976733635861,2.6945417268812704,-0.20196678312413505,40.549999999999834,1303.172669360185
812,1393.8213151976122,2.685278381660553,-0.1685406039765087,40.59999999999983,1303.5332053595357
813,1394.2427713403008,2.6776768490802314,-0.13549709889801315,40.64999999999983,1303.8917030249406
814,1394.6625187192085,2.6717198837396174,-0.10276066908049108,40.699999999999825,1304.248607381799
815,1395.0810274468768,2.6673939939384548,-0.07025677950936558,40.74999999999982,1304.604356917744
816,1395.498762710634,2.664689394882139,-0.037911702619673374,40.79999999999982,1304.959385396304
817,1395.9161866287268,2.6635999746780183,-0.005652263176739796,40.84999999999982,1305.3141236375593
818,1396.3337600854998,2.664123273069742,0.026594415957493373,40.899999999999814,1305.669001278265
819,1396.751944558162,2.666260472875001,0.05890116756473229,40.94999999999981,1306.0244485237256
820,1397.1712039475985,2.6700164041124537,0.09134103373760767,40.99999999999981,1306.380897903637
821,1397.5920064257266,2.6753995608248724,0.12398751989857464,41.049999999999805,1306.7387860441402
822,1398.0148263120363,2.6824221306263785,0.15691484957541993,41.0999999999998,1307.098555468484
823,1398.4401459922212,2.6911000370209313,0.19019822029414338,41.1499999999998,1307.4606564389467
824,1398.8684578921666,2.701452994555612,0.22391406087945676,41.1999999999998,1307.8255488530363
825,1399.3002665210558,2.7135045768844184,0.25814029035357766,41.249999999999794,1308.1937042074749
826,1399.7360905979592,2.727282297824673,0.29295657849158047,41.29999999999979,1308.5656076440762
827,1400.176465276996,2.7428177054869707,0.3284446079212793,41.34999999999979,1308.9417600923528
828,1400.6219444870187,2.7601464895488403,0.3646883374411007,41.399999999999785,1309.3226805245413
829,1401.0731034027542,2.7793086017195425,0.4017742659627614,41.44999999999978,1309.708908339721
830,1401.5305410654564,2.8003483894058183,0.43979169615715646,41.49999999999978,1310.1010058948232
831,1401.9948831723932,2.8233147425326277,0.47883299648001404,41.54999999999978,1310.4995612015932
832,1402.4667850558933,2.848261253394856,0.518993859764583,41.599999999999774,1310.9051908099727
833,1402.9469348742348,2.8752463893109814,0.5603735559751872,41.64999999999977,1311.318542899935
834,1403.4360570383603,2.904333677711941,0.6030751759980585,41.69999999999977,1311.7403006055097
835,1403.9349159002475,2.93559190312127,0.6472058624810422,41.749999999999766,1312.1711855965932
836,1404.4443197307576,2.9690953152578836,0.6928770226939456,41.79999999999976,1312.6119619461476
837,1404.9651250169,3.0049238472111437,0.7402045171342175,41.84999999999976,1313.0634403125246
838,1405.4982411106814,3.0431633422877455,0.7893088161106165,41.89999999999976,1313.5264824689168
839,1406.044635264029,3.0839057876982725,0.8403151147569257,41.949999999999754,1314.0020062142867
840,1406.6053380866372,3.127249552722179,0.8933533948082554,41.99999999999975,1314.4909907025367
841,1407.1814494659438,3.17329962834527,0.9485584189565024,42.04999999999975,1314.9944822290995
842,1407.7741449907196,3.2221678645819067,1.0060696406237692,42.099999999999746,1315.5136005164768
843,1408.3846829218373,3.2739732007503153,1.0660310084797047,42.14999999999974,1316.0495455424384
844,1409.0144117555665,3.3288418828348023,1.1285906408996296,42.19999999999974,1316.603604956484
845,1409.6647784260144,3.38690766071024,1.1939003407265623,42.24999999999974,1317.177162131593
846,1410.3373371938949,3.4483119563844995,1.2621149150678537,42.299999999999734,1317.77170489902
847,1411.0337592683488,3.5132039924909666,1.3333912583291068,42.34999999999973,1318.3888350136629
848,1411.7558432067035,3.581740867988924,1.407887149169176,42.39999999999973,1319.030278395934
849,1412.505526133351,3.654087565352398,1.485759703463534,42.449999999999726,1319.697896192697
850,1413.284895812781,3.7304168703925478,1.56716341562145,42.49999999999972,1320.3936966940425
851,1414.0962036024625,3.8109091822063395,1.6522477096808348,42.54999999999972,1321.1198481337938
852,1414.9418782978257,3.895752186516387,1.7411539095233284,42.59999999999972,1321.8786923887312
853,1415.8245408629518,3.985140360807551,1.8340115244133897,42.649999999999714,1322.672759573498
854,1416.7470200153487,4.079274274127244,1.930933732091428,42.69999999999971,1323.504783503676
855,1417.7123685997826,4.178359638165639,2.0320119272352724,42.74999999999971,1324.3777179669685
856,1418.7238806425985,4.282606059261479,2.1373091888746107,42.799999999999706,1325.2947536999097
857,1419.7851089220617,4.392225433320539,2.2468525072447925,42.8499999999997,1326.2593359127652
858,1420.8998828193946,4.507429917375503,2.3606235999642027,42.8999999999997,1327.2751821357679
859,1422.0723261264743,4.628429402828211,2.478548141219301,42.9499999999997,1328.346300072616
860,1423.3068743764368,4.75542840657968,2.6004832284333497,42.999999999999694,1329.4770050391212
861,1424.6082911294095,4.888622287701541,2.726202922109222,43.04999999999969,1330.6719364327118
862,1425.981682484022,5.028192689662433,2.8553817206049583,43.09999999999969,1331.9360725189306
863,1427.4325088933763,5.1743021022716515,2.987575878099046,43.149999999999686,1333.2747426312092
864,1428.9665931397951,5.327087434627219,3.12220254774386,43.19999999999968,1334.6936356580172
865,1430.5901230654704,5.486652492015188,3.2585168410294676,43.24999999999968,1336.198803436424
866,1432.309647368126,5.653059257889807,3.395587047759713,43.29999999999968,1337.7966573850847
867,1434.1320624577447,5.826317899228754,3.5322684684101153,43.349999999999675,1339.4939563982284
868,1436.0645880432514,6.006375442640936,3.6671765812860455,43.39999999999967,1341.2977836961263
869,1438.1147287948895,6.193103112970496,3.7986606083091368,43.44999999999967,1343.2155100045206
870,1440.290219136031,6.386282389437681,3.9247789588690924,43.499999999999666,1345.2547401424026
871,1442.5989479957325,6.585589920241413,4.0432785172700765,43.54999999999966,1347.4232398722818
872,1445.048860251755,6.7905815482284675,4.151580280939354,43.59999999999966,1349.7288397604389
873,1447.6478316780835,7.000675839790396,4.246774422714741,43.64999999999966,1352.1793128711302
874,1450.4035145592006,7.215137676597711,4.325628388791727,43.699999999999655,1354.7822234557432
875,1453.3231518330235,7.433062661880422,4.384612075810464,43.74999999999965,1357.5447444825152
876,1456.4133587652007,7.653363301833618,4.419944348848032,43.79999999999965,1360.4734429740079
877,1459.679872819168,7.874758134420802,4.427665032289095,43.849999999999646,1363.5740337577893
878,1463.127274621034,8.095765171173317,4.403735874527664,43.89999999999964,1366.8511044431284
879,1466.7586857271933,8.314701163579386,4.344172701715538,43.94999999999964,1370.30781721511
880,1470.5754522092864,8.529688268276535,4.245208911722185,43.99999999999964,1373.9455963128087
881,1474.5768266957928,8.738669623881679,4.103487565404627,44.049999999999635,1377.7638136525763
882,1478.7596651494434,8.939435126531885,3.9162756781996872,44.09999999999963,1381.75948867165
883,1483.1181578860333,9.129658268255787,3.6816901408977922,44.14999999999963,1385.9270216764064
884,1487.6436166204091,9.306944266310177,3.398920445721021,44.199999999999626,1390.2579822552166
885,1492.3243400778874,9.46888887389357,3.0684297012533572,44.24999999999962,1394.7409750805239
886,1497.1455793937555,9.613146270279863,2.6921130649364566,44.29999999999962,1399.3616041412135
887,1502.0896207576734,9.737503368443798,2.2733924989735588,44.34999999999962,1404.1025527337363
888,1507.1359964441021,9.839956874239398,1.8172292975716071,44.399999999999615,1408.9437902980808
889,1512.2618267883856,9.91878863012073,1.3300414106902179,44.44999999999961,1413.8629086925314
890,1517.4422855311307,9.972634325973175,0.8195209385005857,44.49999999999961,1418.8355804625103
891,1522.6511703530925,10.00054067920043,0.2943574193535647,44.549999999999606,1423.8361211563274
892,1527.8615506902981,10.002006737437576,-0.23611672669838404,44.5999999999996,1428.8381280951148
893,1533.046457403007,9.977006022457282,-0.7623327185516673,44.6499999999996,1433.8151605537223
894,1538.1795746807225,9.925987709398253,-1.2749113803105132,44.6999999999996,1438.7414221540785
895,1543.235894339183,9.84985674424118,-1.765073496188867,44.749999999999595,1443.592406048182
896,1548.1922964390974,9.749934523933788,-2.225001537100539,44.79999999999959,1448.3454672092319
897,1553.0280273523488,9.627903274777113,-2.648125975352418,44.84999999999959,1452.980293282655
898,1557.7250559528354,9.48573838193337,-3.029318680386473,44.89999999999959,1457.4792549151794
899,1562.2682991815202,9.325633533489027,-3.364986579372674,44.949999999999584,1461.8276269552262
900,1566.6457184832514,9.149923619209975,-3.653069146812239,44.99999999999958,1466.013682067095
901,1570.8482974092603,8.961009920672737,-3.892951900466863,45.04999999999958,1470.0286670070147
902,1574.8699172673648,8.761291360180945,-4.08531398870483,45.099999999999575,1473.8666783219137
903,1578.7071517513086,8.553104586851413,-4.231930827396035,45.14999999999957,1477.5244582255946
904,1582.3590030527075,8.33867461781193,-4.335452801180227,45.19999999999957,1481.0011329446816
905,1585.8266014106405,8.120076747580667,-4.399178887035341,45.24999999999957,1484.2979152640116
906,1589.1128879139762,7.899209580815133,-4.426840473537764,45.299999999999564,1487.4177908640936
907,1592.2222972220857,7.677778384150814,-4.422406423646088,45.34999999999956,1490.3652049099003
908,1595.1604532520869,7.4572875066821425,-4.389916220374856,45.39999999999956,1493.1457617577662
909,1597.933887237128,7.239040372438962,-4.3333443077270655,45.449999999999555,1495.7659470334563
910,1600.5497842072948,7.024145470557058,-4.256495754902731,45.49999999999955,1498.2328780130338
911,1603.0157610753313,6.813526819782461,-4.162931216672993,45.54999999999955,1500.5540853992286
912,1605.3396772100207,6.607937522604326,-4.05591779613856,45.59999999999955,1502.7373273143608
913,1607.529476656807,6.407975213966646,-3.9384017199687835,45.649999999999544,1504.7904346315013
914,1609.5930599703877,6.21409842035645,-3.812998558741961,45.69999999999954,1506.7211855903952
915,1611.5381828799104,6.026643055061279,-3.6819969118784024,45.74999999999954,1508.537206916051
916,1613.3723786247251,5.845838469833783,-3.5473718907650134,45.799999999999535,1510.2458982868204
917,1615.102900689191,5.671822653612272,-3.4108052645726024,45.84999999999953,1511.854376897522
918,1616.736682749526,5.504656311638987,-3.273709699375374,45.89999999999953,1513.3694389529853
919,1618.280312857526,5.34433567301106,-3.1372550674255937,45.94999999999953,1514.7975351422763
920,1619.7400191724057,5.190803963295466,-3.0023952966746923,45.999999999999524,1516.1447574315446
921,1621.121664873255,5.043961544460566,-2.8698946544003685,46.04999999999952,1517.4168348346445
922,1622.430750212367,4.903674770656028,-2.740352708356756,46.09999999999952,1518.619136147463
923,1623.6724199849814,4.769783638975492,-2.6142274870304325,46.149999999999515,1519.756677945595
924,1624.8514749821315,4.642108332667089,-2.4918565745165524,46.19999999999951,1520.8341364342057
925,1625.9723862540584,4.520454763303817,-2.373476034404976,46.24999999999951,1521.8558619975595
926,1627.0393112396623,4.404619220701084,-2.2592371705343397,46.29999999999951,1522.8258955215279
927,1628.0561110129474,4.294392236911088,-2.149221209698143,46.349999999999504,1523.74798575575
928,1629.0263680622181,4.189561765036972,-2.043452040538816,46.3999999999995,1524.6256071449031
929,1629.9534041547067,4.089915766118933,-1.941907170895383,46.4499999999995,1525.4619776936006
930,1630.8402979515586,3.9952442888584465,-1.8445270784878125,46.499999999999496,1526.2600765399834
931,1631.6899021289735,3.9053411181179194,-1.7512231315780646,46.54999999999949,1527.0226610024265
932,1632.504859833989,3.8200050594125097,-1.6618842506778266,46.59999999999949,1527.7522829351233
933,1633.2876203608143,3.7390409182946875,-1.5763824721507804,46.64999999999949,1528.4513042845574
934,1634.0404539784079,3.662260225801319,-1.4945775616576524,46.699999999999484,1529.1219117826317
935,1634.7654658744261,3.5894817540838075,-1.4163208112330796,46.74999999999948,1529.7661307457768
936,1635.4646092067105,3.520531860011154,-1.3414581393510676,46.79999999999948,1530.3858379746443
937,1636.1396972727898,3.4552446889193997,-1.2698325992891333,46.849999999999476,1530.9827737676596
938,1636.792414821829,3.393462265748605,-1.2012863878556372,46.89999999999947,1531.5585530751125
939,1637.4243285431996,3.335034496513274,-1.135662434338956,46.94999999999947,1532.114675829759
940,1638.0368967723132,3.2798190993389937,-1.0728056384845226,46.99999999999947,1532.6525364959784
941,1638.6314784582958,3.2276814811081587,-1.0125638164338182,47.049999999999464,1533.1734328831528
942,1639.2093414401036,3.178494573032513,-0.9547884048387366,47.09999999999946,1533.6785742706927
943,1639.7716700782705,3.1321386361539365,-0.8993349657303523,47.14999999999946,1534.169088892497
944,1640.3195722890127,3.0885010458148945,-0.846063528087899,47.199999999999456,1534.646030827997
945,1640.8540860262042,3.047476062488842,-0.7948387963268668,47.24999999999945,1535.1103863455692
946,1641.3761852550113,3.008964594975426,-0.7455302510076339,47.29999999999945,1535.56307974226
947,1641.8867854589103,2.9728739608077084,-0.6980121628633611,47.34999999999945,1536.0049787216024
948,1642.386748719552,2.9391176477551286,-0.6521635376689362,47.399999999999444,1536.4368993489697
949,1642.8768884065908,2.9076150795074778,-0.6078680064395071,47.44999999999944,1536.8596106214986
950,1643.3579735122219,2.8782913879663776,-0.5650136728834066,47.49999999999944,1537.2738386872006
951,1643.8307326628556,2.8510771940298634,-0.523492927873851,47.549999999999436,1537.6802707455165
952,1644.295857838105,2.8259083983139974,-0.48320223888829494,47.59999999999943,1538.0795586592997
953,1644.7540078251398,2.802725982897029,-0.4440419208426338,47.64999999999943,1538.47232230606
954,1645.205811434449,2.7814758248829006,-0.4059158934752133,47.69999999999943,1538.8591526942805
955,1645.6518705011965,2.7621085223504185,-0.36873142937454784,47.749999999999424,1539.2406148687426
956,1646.0927626946295,2.7445792330723617,-0.33239889586189947,47.79999999999942,1539.6172506270732
957,1646.5290441564357,2.7288475262471277,-0.2968314932073781,47.84999999999942,1539.9895810681485
958,1646.961251987516,2.7148772473771174,-0.2619449910521049,47.899999999999416,1540.3581089915647
959,1647.3899066013644,2.702636396347375,-0.22765746440905094,47.94999999999941,1540.7233211661078
960,1647.8155139611056,2.6920970186999056,-0.1938890302043689,47.99999999999941,1541.0856904840125
961,1648.2385677162436,2.6832351100597114,-0.16056158498511242,48.04999999999941,1541.4456780168055
962,1648.6595512543001,2.6760305336443335,-0.1275985441462603,48.099999999999405,1541.8037349876554
963,1649.0789396817838,2.6704669507767504,-0.09492458281008684,48.1499999999994,1542.1603046744149
964,1649.4972017483096,2.666531764319378,-0.06246537831606167,48.1999999999994,1542.5158242569212
965,1649.9148017271884,2.664216074952576,-0.030147354143105997,48.249999999999396,1542.870726621623
966,1650.3322012654266,2.663514650232678,0.002102575016983228,48.29999999999939,1543.2254421362231
967,1650.7498612158001,2.6644259063806106,0.03435725738974449,48.34999999999939,1543.5804004067527
968,1651.168243463513,2.666951902771178,0.0666895578537619,48.39999999999939,1543.9360320293374
969,1651.5878127599017,2.6710983491138807,0.0991726117060725,48.449999999999385,1544.2927703488695
970,1652.0090385757094,2.6768746253374007,0.13188007887995204,48.49999999999938,1544.6510532368582
971,1652.4323969866239,2.684293814210516,0.16488639901233063,48.54999999999938,1545.0113249009087
972,1652.8583726040629,2.6933727467509256,0.19826704770775358,48.599999999999376,1545.3740377385557
973,1653.2874605645861,2.704132060489008,0.2320987942686,48.64999999999937,1545.739654248584
974,1653.7201685918271,2.7165962706645104,0.2664599610542244,48.69999999999937,1546.1086490134735
975,1654.1570191454773,2.730793854438905,0.30143068449070015,48.74999999999937,1546.4815107672455
976,1654.5985516726078,2.746757348202951,0.337093177572589,48.799999999999365,1546.8587445637409
977,1655.0453249775064,2.7645234580455833,0.3735319934719379,48.84999999999936,1547.240874061245
978,1655.4979197272232,2.7841331834242897,0.41083428958920204,48.89999999999936,1547.6284439403971
979,1655.9569411111743,2.8056319540355,0.4490900910359247,48.949999999999356,1548.0220224734724
980,1656.4230216744547,2.829069779822828,0.48839255211755206,48.99999999999935,1548.4222042644276
981,1656.8968243459499,2.8545014139769966,0.5288382138721202,49.04999999999935,1548.8296131805473
982,1657.379045683929,2.881986528668981,0.5705272550992926,49.09999999999935,1549.244905498119
983,1657.8704193635388,2.911589903111447,0.613563733563696,49.149999999999345,1549.668773286314
984,1658.3717199325026,2.943381623355751,0.6580558131523224,49.19999999999934,1550.1019480553493
985,1658.8837668633473,2.9774372929943724,0.7041159716792756,49.24999999999934,1550.545204697035
986,1659.4074289326347,3.0138382536416293,0.7518611827288039,49.299999999999336,1550.9993657479906
987,1659.9436289599246,3.0526718136971605,0.8014130633703447,49.34999999999933,1551.4653060080977
988,1660.4933489415348,3.0940314834431195,0.8528979777219963,49.39999999999933,1551.9439575491247
989,1661.057635616529,3.138017213970995,0.9064470841293896,49.44999999999933,1552.4363151508835
990,1661.6376065047127,3.184735636758392,0.9621963111059723,49.499999999999325,1552.9434422046854
991,1662.2344564586547,3.2343002998977832,1.0202862440809637,49.54999999999932,1553.4664771261814
992,1662.8494647737866,3.2868318959922913,1.0808619013474567,49.59999999999932,1554.006640321807
993,1663.4840029023032,3.342458475548327,1.1440723733122888,49.64999999999932,1554.5652417548454
994,1664.1395428177175,3.4013156382772083,1.2100702941313937,49.699999999999314,1555.1436891584049
995,1664.8176660772765,3.463546693029068,1.279011108974305,49.74999999999931,1555.7434969431445
996,1665.5200736286922,3.5293027750787855,1.3510520934021757,49.79999999999931,1556.3662958470534
997,1666.2485964054067,3.59874290711708,1.4263510735710698,49.849999999999305,1557.0138433726297
998,1667.0052067503825,3.6720339875173584,1.5050647871030538,49.8999999999993,1557.6880350529038
999,1667.7920307015722,3.7493506861939645,1.5873468144402378,49.9499999999993,1558.390916581307
