time,position,velocity
0.0,1.0,150.0
0.001,1.1500050711384073,150.01014225970442
0.002,1.3000202844851294,150.02028441657077
0.003,1.4500456399371517,150.03042647024608
0.004,1.6000811373911068,150.0405684203773
0.005,1.750126776743274,150.05071026661142
0.006,1.90018255788958,150.06085200859536
0.007,2.0502484807255974,150.0709936459761
0.008,2.2003245451465467,150.0811351784005
0.009000000000000001,2.3504107510472956,150.0912766055155
0.01,2.500507098322345,150.10141792696805
0.011,2.6506135868658114,150.11155914240558
0.012,2.8007302165715044,150.12170025147492
0.013000000000000001,2.9508569873328874,150.13184125382276
0.014,3.100993899043071,150.1419821490959
0.015,3.2511409515948104,150.152122936941
0.016,3.401298144880509,150.16226361700484
0.017,3.551465478792216,150.17240418893408
0.018000000000000002,3.701642953221625,150.18254465237544
0.019,3.8518305680600777,150.19268500697555
0.02,4.002028323198562,150.20282525238113
0.021,4.152236218527712,150.21296538823879
0.022,4.302454253937805,150.2231054141952
0.023,4.45268242931877,150.23324532989702
0.024,4.602920744560178,150.2433851349908
0.025,4.753169199551248,150.2535248291232
0.026000000000000002,4.903427794180844,150.26366441194077
0.027,5.053696528337481,150.27380388309015
0.028,5.20397540190931,150.28394324221787
0.029,5.35426441478414,150.29408248897053
0.03,5.504563566849416,150.30422162299465
0.031,5.654872857992238,150.31436064393677
0.032,5.805192288099348,150.32449955144344
0.033,5.955521857057132,150.33463834516115
0.034,6.105861564751627,150.3447770247364
0.035,6.256211411068513,150.35491558981573
0.036000000000000004,6.406571395893117,150.36505404004555
0.037,6.556941519110412,150.37519237507237
0.038,6.70732178060502,150.38533059454267
0.039,6.857712180261205,150.39546869810283
0.04,7.00811271796288,150.40560668539933
0.041,7.158523393593604,150.41574455607858
0.042,7.308944207036578,150.425882309787
0.043000000000000003,7.459375158174658,150.43601994617097
0.044,7.609816246890337,150.4461574648769
0.045,7.760267473065761,150.45629486555114
0.046,7.910728836582719,150.46643214784007
0.047,8.061200337322646,150.47656931139005
0.048,8.211681975166623,150.4867063558474
0.049,8.362173749995382,150.49684328085846
0.05,8.512675661689297,150.50698008606952
0.051000000000000004,8.663187710128383,150.51711677112692
0.052000000000000005,8.813709895192314,150.52725333567696
0.053,8.9642422167604,150.5373897793659
0.054,9.1147846747116,150.54752610184002
0.055,9.265337268924524,150.55766230274557
0.056,9.415899999277418,150.5677983817288
0.057,9.566472865648182,150.57793433843597
0.058,9.717055867914365,150.58807017251328
0.059000000000000004,9.867649005953151,150.59820588360694
0.06,10.018252279641379,150.60834147136313
0.061,10.168865688855536,150.6184769354281
0.062,10.319489233471748,150.62861227544798
0.063,10.47012291336579,150.63874749106895
0.064,10.620766728413086,150.64888258193716
0.065,10.7714206784887,150.65901754769877
0.066,10.922084763467355,150.6691523879999
0.067,11.072758983223403,150.67928710248665
0.068,11.223443337630854,150.68942169080515
0.069,11.374137826563361,150.6995561526015
0.07,11.524842449894225,150.70969048752175
0.07100000000000001,11.675557207496388,150.71982469521203
0.07200000000000001,11.826282099242444,150.72995877531835
0.073,11.977017125004625,150.74009272748677
0.074,12.127762284654825,150.75022655136334
0.075,12.278517578064573,150.7603602465941
0.076,12.42928300510504,150.77049381282504
0.077,12.580058565647056,150.78062724970215
0.078,12.73084425956108,150.79076055687148
0.079,12.881640086717237,150.80089373397894
0.08,13.032446046985283,150.81102678067055
0.081,13.18326214023463,150.82115969659222
0.082,13.334088366334331,150.83129248138994
0.083,13.484924725153084,150.8414251347096
0.084,13.63577121655924,150.85155765619717
0.085,13.786627840420785,150.86169004549853
0.08600000000000001,13.937494596605365,150.87182230225957
0.08700000000000001,14.08837148498026,150.8819544261262
0.088,14.239258505412405,150.8920864167443
0.089,14.390155657768377,150.9022182737597
0.09,14.541062941914403,150.91234999681828
0.091,14.691980357716346,150.92248158556586
0.092,14.842907905039729,150.93261303964826
0.093,14.993845583749712,150.94274435871134
0.094,15.144793393711103,150.95287554240088
0.095,15.295751334788363,150.96300659036268
0.096,15.446719406845583,150.9731375022425
0.097,15.597697609746517,150.98326827768614
0.098,15.748685943354564,150.99339891633932
0.099,15.899684407532753,151.00352941784783
0.1,16.050693002143785,151.01365978185737
0.101,16.201711727049975,151.0237900080137
0.10200000000000001,16.35274058211332,151.0339200959625
0.10300000000000001,16.503779567195423,151.04405004534948
0.10400000000000001,16.654828682165217,151.0541798558413
0.105,16.80588792706471,151.06430952758058
0.106,16.95695730182903,151.07443906041644
0.107,17.1080368063156,151.0845684539857
0.108,17.259126440381507,151.0946977079251
0.109,17.410226203883497,151.10482682187148
0.11,17.561336096677966,151.11495579546175
0.111,17.71245611862097,151.12508462833281
0.112,17.863586269568216,151.13521332012164
0.113,18.01472654937507,151.1453418704652
0.114,18.16587695789655,151.15547027900053
0.115,18.31703749498734,151.16559854536473
0.116,18.468208160501764,151.17572666919494
0.117,18.619388954293814,151.1858546501283
0.11800000000000001,18.770579876217138,151.19598248780198
0.11900000000000001,18.921780926125027,151.2061101818533
0.12,19.072992103870437,151.21623773191948
0.121,19.224213409305985,151.22636513763786
0.122,19.375444842283937,151.23649239864582
0.123,19.526686402656207,151.24661951458074
0.124,19.67793809027438,151.25674648508013
0.125,19.82919990498969,151.2668733097814
0.126,19.98047184665302,151.27699998832213
0.127,20.13175391511492,151.28712652033985
0.128,20.28304611022559,151.29725290547222
0.129,20.434348431834884,151.30737914335685
0.13,20.585660879792318,151.31750523363146
0.131,20.736983453947055,151.32763117593376
0.132,20.888316154147923,151.33775696990156
0.133,21.039658980243395,151.34788261517264
0.134,21.19101193208161,151.35800811138486
0.135,21.342375009510363,151.36813345817612
0.136,21.493748212377092,151.37825865518437
0.137,21.6451315405289,151.38838370204758
0.138,21.796524993812547,151.39850859840377
0.139,21.947928572074446,151.40863334389098
0.14,22.099342275160666,151.41875793814734
0.14100000000000001,22.250766102916934,151.428882380811
0.14200000000000002,22.402200055188622,151.43900667152008
0.14300000000000002,22.553644131820775,151.44913080991287
0.14400000000000002,22.70509833265808,151.4592547956276
0.145,22.856562657544877,151.4693786283026
0.146,23.00803710632519,151.47950230757618
0.147,23.15952167884266,151.48962583308676
0.148,23.311016374940607,151.49974920447275
0.149,23.462521194462003,151.50987242137262
0.15,23.61403613724947,151.51999548342485
0.151,23.765561203145293,151.53011839026806
0.152,23.917096391991407,151.54024114154078
0.153,24.068641703629403,151.55036373688165
0.154,24.220197137900534,151.56048617592938
0.155,24.371762694645703,151.57060845832262
0.156,24.52333837370547,151.5807305837002
0.157,24.674924174920047,151.59085255170083
0.158,24.826520098129308,151.6009743619634
0.159,24.978126143172787,151.61109601412682
0.16,25.129742309889657,151.6212175078299
0.161,25.281368598118757,151.6313388427117
0.162,25.43300500769859,151.64146001841115
0.163,25.58465153846729,151.65158103456733
0.164,25.73630819026268,151.6617018908193
0.165,25.88797496292221,151.67182258680617
0.166,26.039651856283,151.68194312216716
0.167,26.191338870181823,151.69206349654138
0.168,26.343036004455115,151.70218370956817
0.169,26.494743258938946,151.71230376088675
0.17,26.64646063346906,151.72242365013645
0.171,26.798188127880863,151.73254337695667
0.17200000000000001,26.94992574200939,151.74266294098678
0.17300000000000001,27.10167347568936,151.75278234186626
0.17400000000000002,27.253431328755127,151.76290157923458
0.17500000000000002,27.405199301040714,151.77302065273128
0.176,27.556977392379792,151.78313956199588
0.177,27.708765602605695,151.79325830666806
0.178,27.860563931551404,151.80337688638744
0.179,28.012372379049566,151.8134953007937
0.18,28.16419094493247,151.8236135495266
0.181,28.316019629032077,151.83373163222592
0.182,28.467858431179984,151.84384954853144
0.183,28.61970735120746,151.85396729808303
0.184,28.771566388945427,151.8640848805206
0.185,28.923435544224454,151.87420229548405
0.186,29.07531481687478,151.8843195426134
0.187,29.227204206726284,151.89443662154866
0.188,29.379103713608515,151.90455353192988
0.189,29.531013337350664,151.91467027339715
0.19,29.68293307778159,151.92478684559063
0.191,29.8348629347298,151.9349032481505
0.192,29.986802908023456,151.94501948071695
0.193,30.138752997490386,151.9551355429303
0.194,30.29071320295806,151.96525143443083
0.195,30.44268352425361,151.97536715485887
0.196,30.594663961203825,151.9854827038548
0.197,30.746654513635153,151.9955980810591
0.198,30.898655181373684,152.00571328611218
0.199,31.050665964245184,152.01582831865457
0.2,31.202686862075055,152.02594317832683
0.201,31.35471787468836,152.03605786476953
0.202,31.506759001909835,152.04617237762332
0.203,31.658810243563842,152.05628671652886
0.20400000000000001,31.810871599474424,152.06640088112687
0.20500000000000002,31.962943069465275,152.07651487105807
0.20600000000000002,32.11502465335972,152.08662868596332
0.20700000000000002,32.26711635098078,152.0967423254834
0.20800000000000002,32.4192181621511,152.1068557892592
0.209,32.57133008669298,152.11696907693164
0.21,32.72345212442842,152.12708218814169
0.211,32.875584275179015,152.13719512253033
0.212,33.02772653876606,152.1473078797386
0.213,33.17987891501048,152.15742045940758
0.214,33.332041403732866,152.16753286117842
0.215,33.48421400475347,152.17764508469224
0.216,33.63639671789219,152.18775712959024
0.217,33.78858954296858,152.19786899551372
0.218,33.94079247980184,152.2079806821039
0.219,34.09300552821088,152.21809218900214
0.22,34.24522868801419,152.2282035158498
0.221,34.397461959029954,152.23831466228827
0.222,34.54970534107602,152.24842562795902
0.223,34.70195883396987,152.25853641250353
0.224,34.85422243752865,152.26864701556332
0.225,35.006496151569166,152.27875743677996
0.226,35.158779975907876,152.28886767579507
0.227,35.31107391036089,152.2989777322503
0.228,35.46337795474399,152.30908760578737
0.229,35.615692108872594,152.31919729604795
0.23,35.768016372561775,152.32930680267384
0.231,35.920350745626294,152.33941612530688
0.232,36.072695227880516,152.3495252635889
0.233,36.225049819138505,152.3596342171618
0.234,36.37741451921396,152.36974298566753
0.23500000000000001,36.52978932792024,152.37985156874805
0.23600000000000002,36.682174245070364,152.38995996604538
0.23700000000000002,36.834569270477004,152.4000681772016
0.23800000000000002,36.98697440395248,152.4101762018588
0.23900000000000002,37.13938964530878,152.4202840396591
0.24,37.29181499435755,152.4303916902447
0.241,37.44425045091006,152.4404991532578
0.242,37.596696014777294,152.4506064283407
0.243,37.74915168576983,152.46071351513572
0.244,37.901617463697924,152.47082041328514
0.245,38.05409334837152,152.48092712243138
0.246,38.20657933960017,152.49103364221688
0.247,38.35907543719311,152.50113997228408
0.248,38.51158164095922,152.5112461122755
0.249,38.66409795070704,152.5213520618337
0.25,38.81662436624477,152.53145782060125
0.251,38.969160887380255,152.5415633882208
0.252,39.12170751392101,152.551668764335
0.253,39.27426424567418,152.5617739485866
0.254,39.4268310824466,152.57187894061832
0.255,39.57940802404474,152.58198374007296
0.256,39.73199507027472,152.59208834659333
0.257,39.88459222094233,152.60219275982237
0.258,40.03719947585302,152.61229697940294
0.259,40.18981683481188,152.62240100497803
0.26,40.34244429762366,152.6325048361906
0.261,40.495081864092754,152.64260847268375
0.262,40.647729534023256,152.65271191410048
0.263,40.80038730721886,152.66281516008397
0.264,40.95305518348296,152.67291821027737
0.265,41.10573316261858,152.6830210643239
0.266,41.25842124442838,152.69312372186673
0.267,41.41111942871474,152.70322618254923
0.268,41.56382771527964,152.71332844601466
0.269,41.71654610392474,152.72343051190643
0.27,41.86927459445134,152.73353237986794
0.271,42.02201318666041,152.7436340495426
0.272,42.17476188035258,152.75373552057394
0.273,42.3275206753281,152.76383679260547
0.274,42.48028957138692,152.77393786528077
0.275,42.633068568328625,152.78403873824342
0.276,42.78585766595246,152.7941394111371
0.277,42.93865686405732,152.8042398836055
0.278,43.09146616244177,152.81434015529237
0.279,43.244285560904004,152.82444022584144
0.28,43.3971150592419,152.83454009489654
0.281,43.54995465725297,152.84463976210154
0.28200000000000003,43.7028043547344,152.8547392271003
0.28300000000000003,43.85566415148302,152.86483848953682
0.28400000000000003,44.00853404729531,152.87493754905503
0.28500000000000003,44.16141404196743,152.88503640529896
0.28600000000000003,44.314304135295174,152.89513505791265
0.28700000000000003,44.46720432707399,152.90523350654024
0.28800000000000003,44.620114617099006,152.91533175082583
0.289,44.773035005164964,152.92542979041363
0.29,44.92596549106631,152.93552762494784
0.291,45.078906074597114,152.94562525407275
0.292,45.23185675555112,152.95572267743265
0.293,45.3848175337217,152.96581989467188
0.294,45.5377884089019,152.97591690543484
0.295,45.69076938088445,152.98601370936592
0.296,45.84376044946167,152.99611030610964
0.297,45.996761614425594,153.00620669531048
0.298,46.14977287556788,153.01630287661297
0.299,46.30279423267987,153.02639884966175
0.3,46.455825685552526,153.0364946141014
0.301,46.60886723397649,153.04659016957663
0.302,46.76191887774205,153.0566855157321
0.303,46.914980616639156,153.06678065221263
0.304,47.06805245045741,153.07687557866296
0.305,47.221134378986065,153.08697029472796
0.306,47.37422640201406,153.0970648000525
0.307,47.52732851932991,153.10715909428149
0.308,47.6804407307219,153.11725317705987
0.309,47.833563035977875,153.12734704803265
0.31,47.98669543488539,153.13744070684487
0.311,48.13983792723162,153.1475341531416
0.312,48.29299051280343,153.15762738656798
0.313,48.44615319138731,153.16772040676918
0.314,48.59932596276944,153.17781321339035
0.315,48.7525088267356,153.1879058060768
0.316,48.90570178307131,153.19799818447376
0.317,49.058904831561655,153.2080903482266
0.318,49.21211797199142,153.21818229698061
0.319,49.36534120414507,153.22827403038127
0.32,49.51857452780668,153.238365548074
0.321,49.67181794275999,153.2484568497043
0.322,49.82507144878843,153.2585479349177
0.323,49.978335045675045,153.26863880335972
0.324,50.131608733202555,153.278729454676
0.325,50.28489251115332,153.28881988851225
0.326,50.438186379309386,153.29891010451408
0.327,50.59149033745244,153.30900010232725
0.328,50.74480438536379,153.31908988159753
0.329,50.898128522824464,153.32917944197075
0.33,51.0514627496151,153.33926878309276
0.331,51.204807065516,153.34935790460943
0.332,51.35816147030714,153.35944680616672
0.333,51.51152596376813,153.36953548741062
0.334,51.664900545678236,153.3796239479871
0.335,51.81828521581638,153.38971218754227
0.336,51.971679973961166,153.39980020572222
0.337,52.12508481989083,153.40988800217306
0.338,52.27849975338327,153.41997557654102
0.339,52.431924774216036,153.43006292847227
0.34,52.58535988216632,153.4401500576131
0.341,52.73880507701101,153.45023696360983
0.342,52.892260358526606,153.46032364610875
0.343,53.045725726489295,153.4704101047563
0.34400000000000003,53.19920118067489,153.4804963391989
0.34500000000000003,53.3526867208589,153.49058234908298
0.34600000000000003,53.50618234681645,153.5006681340551
0.34700000000000003,53.65968805832234,153.51075369376176
0.34800000000000003,53.81320385515103,153.52083902784958
0.34900000000000003,53.966729737076626,153.53092413596517
0.35000000000000003,54.12026570387289,153.54100901775521
0.35100000000000003,54.27381175531325,153.55109367286641
0.352,54.427367891170746,153.56117810094554
0.353,54.58093411121817,153.5712623016394
0.354,54.73451041522787,153.58134627459478
0.355,54.888096802971894,153.59143001945856
0.356,55.04169327422194,153.6015135358777
0.357,55.19529982874937,153.61159682349913
0.358,55.34891646632518,153.62167988196984
0.359,55.502543186720054,153.6317627109369
0.36,55.656179989704306,153.64184531004733
0.361,55.809826875047904,153.6519276789483
0.362,55.96348384252049,153.662009817287
0.363,56.117150891891356,153.67209172471053
0.364,56.270828022929436,153.68217340086622
0.365,56.42451523540335,153.69225484540132
0.366,56.57821252908131,153.70233605796318
0.367,56.73191990373128,153.7124170381991
0.368,56.885637359120786,153.7224977857566
0.369,57.03936489501707,153.732578300283
0.37,57.19310251118701,153.74265858142584
0.371,57.34685020739714,153.75273862883267
0.372,57.50060798341364,153.76281844215106
0.373,57.65437583900237,153.77289802102857
0.374,57.808153773928815,153.7829773651129
0.375,57.961941787958146,153.79305647405172
0.376,58.11573988085515,153.80313534749277
0.377,58.269548052384344,153.8132139850838
0.378,58.4233663023098,153.82329238647264
0.379,58.57719463039533,153.83337055130718
0.38,58.731033036404355,153.84344847923526
0.381,58.884881520099974,153.85352616990482
0.382,59.03874008124493,153.8636036229639
0.383,59.192608719601616,153.87368083806044
0.384,59.34648743493212,153.88375781484254
0.385,59.5003762269981,153.89383455295828
0.386,59.65427509556098,153.90391105205583
0.387,59.80818404038177,153.91398731178336
0.388,59.96210306122114,153.92406333178906
0.389,60.11603215783943,153.93413911172124
0.39,60.26997132999663,153.94421465122818
0.391,60.42392057745239,153.95428994995822
0.392,60.57787989996603,153.96436500755973
0.393,60.73184929729649,153.9744398236812
0.394,60.885828769202384,153.98451439797103
0.395,61.03981831544199,153.99458873007774
0.396,61.19381793577323,154.0046628196499
0.397,61.3478276299537,154.0147366663361
0.398,61.50184739774062,154.02481026978495
0.399,61.65587723889089,154.03488362964512
0.4,61.809917153161045,154.04495674556534
0.401,61.96396714030732,154.05502961719435
0.402,62.11802720008556,154.06510224418096
0.403,62.27209733225126,154.07517462617398
0.404,62.42617753655963,154.0852467628223
0.405,62.58026781276549,154.09531865377485
0.406,62.73436816062329,154.10539029868053
0.40700000000000003,62.8884785798872,154.1154616971884
0.40800000000000003,63.042599070311,154.1255328489475
0.40900000000000003,63.19672963164815,154.13560375360686
0.41000000000000003,63.350870263651764,154.14567441081562
0.41100000000000003,63.50502096607457,154.15574482022294
0.41200000000000003,63.65918173866902,154.16581498147804
0.41300000000000003,63.81335258118718,154.17588489423014
0.41400000000000003,63.96753349338077,154.18595455812851
0.41500000000000004,64.12172447500117,154.19602397282253
0.41600000000000004,64.27592552579944,154.20609313796152
0.417,64.43013664552626,154.2161620531949
0.418,64.58435783393197,154.22623071817208
0.419,64.7385890907666,154.2362991325426
0.42,64.89283041577983,154.24636729595596
0.421,65.04708180872092,154.25643520806176
0.422,65.2013432693389,154.26650286850955
0.423,65.35561479738237,154.27657027694903
0.424,65.50989639259963,154.28663743302988
0.425,65.66418805473862,154.29670433640183
0.426,65.81848978354691,154.30677098671464
0.427,65.9728015787718,154.31683738361815
0.428,66.12712344016016,154.32690352676218
0.429,66.28145536745858,154.33696941579666
0.43,66.43579736041326,154.34703505037152
0.431,66.59014941877008,154.3571004301367
0.432,66.74451154227458,154.36716555474226
0.433,66.89888373067194,154.37723042383823
0.434,67.053265983707,154.38729503707475
0.435,67.20765830112427,154.3973593941019
0.436,67.36206068266789,154.4074234945699
0.437,67.51647312808169,154.41748733812898
0.438,67.67089563710911,154.4275509244294
0.439,67.82532820949328,154.43761425312144
0.44,67.979770844977,154.44767732385543
0.441,68.13422354330265,154.4577401362818
0.442,68.28868630421238,154.46780269005097
0.443,68.44315912744787,154.47786498481338
0.444,68.59764201275058,154.48792702021956
0.445,68.75213495986154,154.49798879592004
0.446,68.90663796852145,154.5080503115654
0.447,69.06115103847068,154.5181115668063
0.448,69.2156741694493,154.52817256129342
0.449,69.37020736119689,154.53823329467744
0.45,69.52475061345288,154.5482937666091
0.451,69.67930392595622,154.55835397673923
0.452,69.83386729844553,154.56841392471867
0.453,69.98844073065914,154.57847361019824
0.454,70.14302422233501,154.5885330328289
0.455,70.29761777321075,154.5985921922616
0.456,70.45222138302361,154.60865108814733
0.457,70.60683505151053,154.61870972013713
0.458,70.7614587784081,154.6287680878821
0.459,70.91609256345254,154.6388261910333
0.46,71.07073640637972,154.64888402924197
0.461,71.22539030692522,154.65894160215925
0.462,71.38005426482422,154.6689989094364
0.463,71.53472827981159,154.67905595072472
0.464,71.68941235162184,154.6891127256755
0.465,71.84410647998914,154.69916923394013
0.466,71.99881066464732,154.70922547517003
0.467,72.15352490532985,154.7192814490166
0.468,72.30824920176988,154.72933715513136
0.46900000000000003,72.46298355370018,154.73939259316583
0.47000000000000003,72.61772796085322,154.74944776277158
0.47100000000000003,72.77248242296109,154.75950266360022
0.47200000000000003,72.92724693975556,154.7695572953034
0.47300000000000003,73.08202151096802,154.7796116575328
0.47400000000000003,73.23680613632959,154.78966574994016
0.47500000000000003,73.39160081557091,154.79971957217725
0.47600000000000003,73.54640554842246,154.80977312389592
0.47700000000000004,73.70122033461422,154.81982640474797
0.47800000000000004,73.85604517387588,154.8298794143853
0.47900000000000004,74.01088006593683,154.83993215245988
0.48,74.16572501052603,154.84998461862367
0.481,74.32058000737217,154.86003681252868
0.482,74.47544505620357,154.87008873382695
0.483,74.63032015674817,154.88014038217062
0.484,74.78520530873362,154.89019175721182
0.485,74.94010051188718,154.90024285860275
0.486,75.09500576593581,154.91029368599555
0.487,75.24992107060612,154.92034423904258
0.488,75.40484642562433,154.93039451739608
0.489,75.55978183071635,154.94044452070844
0.49,75.71472728560775,154.950494248632
0.491,75.86968279002376,154.96054370081922
0.492,76.02464834368922,154.97059287692252
0.493,76.17962394632868,154.98064177659447
0.494,76.33460959766632,154.99069039948756
0.495,76.48960529742598,155.00073874525444
0.496,76.64461104533116,155.0107868135477
0.497,76.79962684110498,155.02083460402
0.498,76.95465268447032,155.03088211632405
0.499,77.10968857514956,155.04092935011263
0.5,77.26473451286488,155.05097630503855
0.501,77.419790497338,155.0610229807546
0.502,77.57485652829041,155.07106937691367
0.503,77.72993260544314,155.08111549316868
0.504,77.88501872851695,155.09116132917256
0.505,78.04011489723229,155.10120688457835
0.506,78.19522111130912,155.11125215903905
0.507,78.35033737046719,155.12129715220777
0.508,78.5054636744259,155.13134186373762
0.509,78.66060002290422,155.14138629328176
0.51,78.81574641562081,155.15143044049336
0.511,78.97090285229406,155.1614743050257
0.512,79.12606933264193,155.17151788653203
0.513,79.28124585638207,155.18156118466572
0.514,79.43643242323176,155.1916041990801
0.515,79.59162903290797,155.2016469294286
0.516,79.7468356851273,155.2116893753646
0.517,79.90205237960602,155.22173153654168
0.518,80.05727911606004,155.23177341261334
0.519,80.21251589420496,155.24181500323309
0.52,80.36776271375598,155.25185630805458
0.521,80.52301957442799,155.26189732673149
0.522,80.6782864759356,155.27193805891744
0.523,80.83356341799292,155.28197850426625
0.524,80.98885040031386,155.29201866243162
0.525,81.14414742261191,155.3020585330674
0.526,81.29945448460023,155.3120981158274
0.527,81.45477158599165,155.32213741036557
0.528,81.61009872649866,155.33217641633584
0.529,81.7654359058334,155.34221513339216
0.53,81.92078312370764,155.35225356118855
0.531,82.07614037983278,155.36229169937906
0.532,82.23150767392,155.37232954761782
0.533,82.38688500568003,155.38236710555896
0.534,82.5422723748233,155.39240437285665
0.535,82.69766978105982,155.4024413491651
0.536,82.85307722409935,155.4124780341386
0.537,83.00849470365128,155.42251442743142
0.538,83.16392221942462,155.43255052869796
0.539,83.31935977112808,155.44258633759253
0.54,83.47480735846997,155.4526218537696
0.541,83.63026498115836,155.46265707688366
0.542,83.78573263890084,155.47269200658917
0.543,83.94121033140473,155.4827266425407
0.544,84.09669805837707,155.49276098439282
0.545,84.2521958195244,155.5027950318002
0.546,84.40770361455304,155.51282878441745
0.547,84.56322144316894,155.52286224189933
0.548,84.71874930507765,155.53289540390057
0.549,84.87428719998442,155.54292827007598
0.55,85.02983512759421,155.55296084008037
0.551,85.18539308761152,155.56299311356864
0.552,85.34096107974058,155.57302509019567
0.553,85.49653910368527,155.58305676961646
0.554,85.65212715914913,155.59308815148597
0.555,85.8077252458353,155.60311923545925
0.556,85.96333336344662,155.6131500211914
0.557,86.11895151168564,155.6231805083375
0.558,86.27457969025444,155.63321069655274
0.559,86.43021789885488,155.6432405854923
0.56,86.58586613718839,155.65327017481144
0.561,86.74152440495607,155.66329946416542
0.562,86.89719270185873,155.6733284532096
0.5630000000000001,87.05287102759677,155.6833571415993
0.5640000000000001,87.20855938187029,155.69338552898995
0.5650000000000001,87.364257764379,155.703413615037
0.5660000000000001,87.51996617482233,155.71344139939592
0.5670000000000001,87.67568461289932,155.72346888172225
0.5680000000000001,87.83141307830866,155.73349606167156
0.5690000000000001,87.98715157074871,155.74352293889945
0.5700000000000001,88.14290008991752,155.75354951306159
0.5710000000000001,88.29865863551272,155.76357578381362
0.5720000000000001,88.45442720723166,155.7736017508113
0.5730000000000001,88.61020580477133,155.78362741371043
0.5740000000000001,88.76599442782835,155.7936527721668
0.5750000000000001,88.92179307609904,155.80367782583627
0.5760000000000001,89.07760174927934,155.8137025743747
0.577,89.23342044706482,155.82372701743807
0.578,89.38924916915079,155.83375115468235
0.579,89.54508791523219,155.84377498576353
0.58,89.70093668500351,155.8537985103377
0.581,89.85679547815907,155.8638217280609
0.582,90.01266429439269,155.87384463858936
0.583,90.16854313339793,155.8838672415792
0.584,90.32443199486802,155.89388953668666
0.585,90.48033087849575,155.90391152356798
0.586,90.63623978397369,155.9139332018795
0.587,90.79215871099396,155.92395457127753
0.588,90.94808765924839,155.93397563141846
0.589,91.10402662842846,155.94399638195873
0.59,91.2599756182253,155.9540168225548
0.591,91.41593462832971,155.96403695286315
0.592,91.5719036584321,155.97405677254037
0.593,91.72788270822258,155.98407628124303
0.594,91.88387177739095,155.99409547862777
0.595,92.03987086562654,156.00411436435124
0.596,92.19587997261847,156.01413293807016
0.597,92.35189909805544,156.0241511994413
0.598,92.50792824162585,156.0341691481214
0.599,92.6639674030177,156.04418678376734
0.6,92.82001658191867,156.054204106036
0.601,92.97607577801612,156.06422111458426
0.602,93.13214499099708,156.0742378090691
0.603,93.28822422054816,156.0842541891475
0.604,93.44431346635568,156.0942702544765
0.605,93.60041272810565,156.1042860047132
0.606,93.75652200548363,156.11430143951472
0.607,93.9126412981749,156.12431655853817
0.608,94.06877060586446,156.1343313614408
0.609,94.22490992823683,156.14434584787983
0.61,94.38105926497627,156.15436001751254
0.611,94.53721861576672,156.16437386999627
0.612,94.69338798029169,156.17438740498838
0.613,94.84956735823441,156.18440062214626
0.614,95.00575674927775,156.1944135211274
0.615,95.16195615310421,156.2044261015892
0.616,95.31816556939602,156.21443836318926
0.617,95.47438499783495,156.22445030558512
0.618,95.63061443810254,156.2344619284344
0.619,95.7868538898799,156.24447323139475
0.62,95.94310335284786,156.25448421412383
0.621,96.09936282668684,156.26449487627943
0.622,96.25563231107701,156.27450521751925
0.623,96.41191180569813,156.28451523750115
0.624,96.56820131022955,156.294524935883
0.625,96.72450082435043,156.30453431232263
0.626,96.88081034773947,156.31454336647806
0.627,97.03712988007507,156.3245520980072
0.628,97.19345942103527,156.33456050656807
0.629,97.3497989702978,156.34456859181876
0.63,97.50614852753996,156.35457635341734
0.631,97.66250809243883,156.36458379102194
0.632,97.81887766467102,156.3745909042908
0.633,97.97525724391294,156.3845976928821
0.634,98.13164682984046,156.39460415645408
0.635,98.28804642212931,156.4046102946651
0.636,98.44445602045472,156.41461610717343
0.637,98.60087562449168,156.42462159363754
0.638,98.75730523391479,156.43462675371578
0.639,98.91374484839828,156.44463158706665
0.64,99.0701944676161,156.45463609334865
0.641,99.2266540912418,156.46464027222032
0.642,99.3831237189486,156.47464412334025
0.643,99.53960335040942,156.4846476463671
0.644,99.69609298529673,156.4946508409595
0.645,99.8525926232828,156.5046537067762
0.646,100.00910226403946,156.5146562434759
0.647,100.16562190723816,156.52465845071745
0.648,100.32215155255015,156.53466032815965
0.649,100.47869119964616,156.54466187546134
0.65,100.63524084819673,156.5546630922815
0.651,100.79180049787193,156.56466397827904
0.652,100.9483701483416,156.57466453311298
0.653,101.10494979927513,156.58466475644238
0.654,101.26153945034163,156.59466464792627
0.655,101.41813910120987,156.60466420722378
0.656,101.57474875154826,156.61466343399405
0.657,101.73136840102484,156.62466232789635
0.658,101.88799804930733,156.63466088858985
0.659,102.04463769606309,156.64465911573387
0.66,102.20128734095918,156.65465700898773
0.661,102.35794698366227,156.6646545680108
0.662,102.51461662383872,156.67465179246244
0.663,102.6712962611545,156.68464868200215
0.664,102.82798589527525,156.69464523628938
0.665,102.98468552586633,156.7046414549837
0.666,103.14139515259264,156.7146373377446
0.667,103.29811477511886,156.72463288423177
0.668,103.4548443931092,156.7346280941048
0.669,103.6115840062277,156.74462296702342
0.67,103.7683336141378,156.75461750264733
0.671,103.92509321650283,156.76461170063635
0.672,104.08186281298569,156.77460556065023
0.673,104.23864240324889,156.78459908234888
0.674,104.3954319869547,156.79459226539214
0.675,104.55223156376492,156.80458510943998
0.676,104.70904113334109,156.81457761415237
0.677,104.86586069534442,156.82456977918932
0.678,105.02269024943573,156.8345616042109
0.679,105.17952979527547,156.8445530888772
0.68,105.33637933252379,156.85454423284838
0.681,105.49323886084053,156.86453503578457
0.682,105.65010837988511,156.87452549734604
0.683,105.80698788931664,156.88451561719302
0.684,105.96387738879393,156.89450539498583
0.685,106.12077687797535,156.9044948303848
0.686,106.277686356519,156.9144839230503
0.687,106.43460582408258,156.92447267264282
0.6880000000000001,106.59153528032355,156.93446107882278
0.6890000000000001,106.74847472489888,156.94444914125066
0.6900000000000001,106.90542415746533,156.95443685958705
0.6910000000000001,107.0623835776792,156.9644242334925
0.6920000000000001,107.21935298519654,156.97441126262768
0.6930000000000001,107.37633237967299,156.98439794665325
0.6940000000000001,107.53332176076394,156.9943842852299
0.6950000000000001,107.69032112812425,157.0043702780184
0.6960000000000001,107.84733048140866,157.01435592467953
0.6970000000000001,108.00434982027141,157.02434122487415
0.6980000000000001,108.16137914436644,157.0343261782631
0.6990000000000001,108.3184184533474,157.04431078450727
0.7000000000000001,108.4754677468675,157.0542950432677
0.7010000000000001,108.63252702457963,157.0642789542053
0.7020000000000001,108.78959628613644,157.07426251698115
0.7030000000000001,108.9466755311901,157.08424573125635
0.704,109.10376475939249,157.09422859669198
0.705,109.26086397039515,157.1042111129492
0.706,109.41797316384928,157.1141932796892
0.707,109.57509233940573,157.12417509657328
0.708,109.73222149671498,157.13415656326265
0.709,109.88936063542724,157.1441376794187
0.71,110.04650975519225,157.15411844470273
0.711,110.20366885565953,157.16409885877619
0.712,110.3608379364782,157.1740789213005
0.713,110.51801699729702,157.18405863193715
0.714,110.67520603776448,157.19403799034768
0.715,110.83240505752859,157.20401699619364
0.716,110.98961405623712,157.21399564913665
0.717,111.14683303353753,157.22397394883836
0.718,111.30406198907681,157.23395189496046
0.719,111.46130092250176,157.24392948716465
0.72,111.61854983345866,157.25390672511276
0.721,111.77580872159355,157.26388360846656
0.722,111.93307758655219,157.2738601368879
0.723,112.09035642797984,157.28383631003868
0.724,112.24764524552153,157.29381212758085
0.725,112.40494403882188,157.3037875891764
0.726,112.56225280752524,157.3137626944873
0.727,112.71957155127552,157.32373744317565
0.728,112.87690026971637,157.3337118349035
0.729,113.03423896249105,157.34368586933303
0.73,113.19158762924249,157.3536595461264
0.731,113.34894626961326,157.36363286494586
0.732,113.50631488324562,157.37360582545364
0.733,113.66369346978148,157.38357842731205
0.734,113.82108202886236,157.39355067018343
0.735,113.97848056012946,157.40352255373017
0.736,114.13588906322367,157.4134940776147
0.737,114.29330753778547,157.42346524149949
0.738,114.45073598345506,157.43343604504702
0.739,114.60817439987228,157.44340648791984
0.74,114.76562278667659,157.45337656978054
0.741,114.92308114350716,157.46334629029178
0.742,115.08054947000275,157.4733156491162
0.743,115.2380277658018,157.4832846459165
0.744,115.3955160305425,157.49325328035547
0.745,115.55301426386254,157.50322155209588
0.746,115.71052246539934,157.51318946080053
0.747,115.86804063479,157.52315700613235
0.748,116.02556877167125,157.53312418775425
0.749,116.18310687567946,157.54309100532913
0.75,116.34065494645068,157.55305745852004
0.751,116.49821298362063,157.56302354699
0.752,116.65578098682461,157.57298927040208
0.753,116.81335895569767,157.5829546284194
0.754,116.97094688987447,157.59291962070512
0.755,117.12854478898933,157.60288424692243
0.756,117.28615265267621,157.6128485067346
0.757,117.44377048056874,157.6228123998049
0.758,117.60139827230023,157.63277592579664
0.759,117.7590360275036,157.64273908437318
0.76,117.91668374581145,157.65270187519795
0.761,118.07434142685608,157.66266429793438
0.762,118.2320090702693,157.67262635224594
0.763,118.3896866756828,157.6825880377962
0.764,118.54737424272771,157.69254935424865
0.765,118.70507177103495,157.70251030126698
0.766,118.86277926023503,157.7124708785148
0.767,119.02049670995815,157.7224310856558
0.768,119.17822411983416,157.73239092235372
0.769,119.33596148949255,157.74235038827234
0.77,119.49370881856244,157.75230948307544
0.771,119.65146610667274,157.76226820642688
0.772,119.8092333534518,157.7722265579906
0.773,119.96701055852783,157.78218453743048
0.774,120.12479772152858,157.79214214441052
0.775,120.28259484208147,157.80209937859473
0.776,120.4404019198136,157.81205623964718
0.777,120.59821895435171,157.82201272723194
0.778,120.75604594532221,157.83196884101315
0.779,120.91388289235114,157.84192458065505
0.78,121.07172979506424,157.85187994582176
0.781,121.22958665308686,157.86183493617764
0.782,121.38745346604401,157.87178955138694
0.783,121.54533023356039,157.881743791114
0.784,121.70321695526033,157.89169765502322
0.785,121.86111363076786,157.901651142779
0.786,122.01902025970656,157.91160425404584
0.787,122.17693684169974,157.92155698848825
0.788,122.33486337637041,157.93150934577073
0.789,122.49279986334115,157.9414613255579
0.79,122.65074630223421,157.95141292751435
0.791,122.80870269267156,157.96136415130482
0.792,122.96666903427474,157.97131499659397
0.793,123.12464532666502,157.98126546304658
0.794,123.28263156946326,157.9912155503274
0.795,123.44062776229002,158.00116525810128
0.796,123.59863390476552,158.01111458603313
0.797,123.75664999650958,158.0210635337878
0.798,123.91467603714179,158.03101210103029
0.799,124.07271202628124,158.0409602874256
0.8,124.23075796354681,158.05090809263874
0.801,124.38881384855694,158.06085551633478
0.802,124.54687968092979,158.07080255817888
0.803,124.70495546028313,158.08074921783614
0.804,124.86304118623445,158.09069549497184
0.805,125.02113685840084,158.10064138925114
0.806,125.17924247639904,158.11058690033937
0.807,125.3373580398455,158.12053202790185
0.808,125.49548354835626,158.1304767716039
0.809,125.65361900154704,158.14042113111097
0.81,125.81176439903327,158.15036510608851
0.811,125.96991974042997,158.16030869620195
0.812,126.12808502535181,158.17025190111687
0.8130000000000001,126.28626025341315,158.18019472049883
0.8140000000000001,126.444445424228,158.1901371540134
0.8150000000000001,126.60264053741005,158.20007920132628
0.8160000000000001,126.76084559257257,158.2100208621031
0.8170000000000001,126.91906058932857,158.21996213600966
0.8180000000000001,127.07728552729064,158.22990302271168
0.8190000000000001,127.2355204060711,158.239843521875
0.8200000000000001,127.3937652252819,158.24978363316544
0.8210000000000001,127.55201998453458,158.2597233562489
0.8220000000000001,127.71028468344045,158.26966269079136
0.8230000000000001,127.86855932161038,158.27960163645878
0.8240000000000001,128.02684389865493,158.28954019291712
0.8250000000000001,128.18513841418437,158.2994783598325
0.8260000000000001,128.3434428678085,158.30941613687096
0.8270000000000001,128.50175725913692,158.3193535236987
0.8280000000000001,128.66008158777873,158.32929051998187
0.8290000000000001,128.81841585334288,158.33922712538669
0.8300000000000001,128.9767600554378,158.34916333957943
0.8310000000000001,129.13511419367165,158.35909916222636
0.8320000000000001,129.29347826765223,158.36903459299387
0.833,129.451852276987,158.3789696315483
0.834,129.61023622128315,158.3889042775561
0.835,129.7686301001474,158.39883853068375
0.836,129.9270339131861,158.4087723905977
0.837,130.0854476600055,158.41870585696455
0.838,130.24387134021126,158.42863892945087
0.839,130.40230495340876,158.43857160772328
0.84,130.5607484992031,158.44850389144844
0.841,130.7192019771989,158.4584357802931
0.842,130.87766538700066,158.46836727392397
0.843,131.03613872821234,158.47829837200786
0.844,131.19462200043756,158.4882290742116
0.845,131.3531152032797,158.49815938020205
0.846,131.51161833634177,158.50808928964616
0.847,131.6701313992264,158.51801880221086
0.848,131.82865439153585,158.52794791756313
0.849,131.98718731287212,158.53787663537003
0.85,132.1457301628368,158.54780495529863
0.851,132.3042829410312,158.55773287701604
0.852,132.46284564705616,158.56766040018942
0.853,132.62141828051233,158.57758752448598
0.854,132.7800008409999,158.58751424957296
0.855,132.9385933281188,158.59744057511764
0.856,133.09719574146854,158.60736650078735
0.857,133.25580808064836,158.61729202624943
0.858,133.41443034525705,158.6272171511713
0.859,133.57306253489315,158.63714187522038
0.86,133.7317046491549,158.64706619806418
0.861,133.89035668764,158.65699011937025
0.862,134.04901864994605,158.6669136388061
0.863,134.2076905356701,158.67683675603936
0.864,134.36637234440897,158.6867594707377
0.865,134.52506407575908,158.6966817825688
0.866,134.6837657293166,158.70660369120037
0.867,134.84247730467723,158.71652519630018
0.868,135.00119880143637,158.72644629753609
0.869,135.15993021918916,158.7363669945759
0.87,135.31867155753025,158.7462872870875
0.871,135.47742281605406,158.75620717473888
0.872,135.6361839943546,158.76612665719796
0.873,135.7949550920256,158.77604573413277
0.874,135.9537361086604,158.7859644052114
0.875,136.1125270438519,158.7958826701019
0.876,136.27132789719292,158.80580052847242
0.877,136.43013866827573,158.81571797999118
0.878,136.58895935669227,158.82563502432635
0.879,136.74778996203412,158.83555166114618
0.88,136.90663048389263,158.84546789011904
0.881,137.06548092185872,158.8553837109132
0.882,137.224341275523,158.8652991231971
0.883,137.38321154447567,158.87521412663912
0.884,137.54209172830667,158.88512872090777
0.885,137.70098182660558,158.89504290567152
0.886,137.8598818389616,158.9049566805989
0.887,138.01879176496357,158.91487004535855
0.888,138.1777116042,158.92478299961905
0.889,138.33664135625918,158.9346955430491
0.89,138.49558102072882,158.9446076753174
0.891,138.65453059719653,158.95451939609268
0.892,138.81349008524938,158.96443070504375
0.893,138.9724594844742,158.97434160183946
0.894,139.13143879445744,158.98425208614867
0.895,139.29042801478522,158.9941621576403
0.896,139.44942714504336,159.00407181598325
0.897,139.6084361848172,159.01398106084656
0.898,139.76745513369195,159.0238898918993
0.899,139.9264839912522,159.03379830881047
0.9,140.08552275708246,159.04370631124928
0.901,140.24457143076674,159.0536138988848
0.902,140.4036300118887,159.06352107138628
0.903,140.56269850003184,159.07342782842292
0.904,140.72177689477905,159.08333416966406
0.905,140.88086519571306,159.09324009477896
0.906,141.0399634024161,159.10314560343704
0.907,141.19907151447035,159.11305069530766
0.908,141.35818953145727,159.12295537006028
0.909,141.51731745295822,159.13285962736438
0.91,141.67645527855416,159.1427634668895
0.911,141.83560300782574,159.1526668883052
0.912,141.9947606403532,159.16256989128107
0.913,142.15392817571637,159.17247247548679
0.914,142.31310561349494,159.182374640592
0.915,142.4722929532681,159.19227638626649
0.916,142.63149019461468,159.20217771218
0.917,142.7906973371133,159.21207861800232
0.918,142.94991438034214,159.22197910340336
0.919,143.10914132387902,159.23187916805296
0.92,143.26837816730148,159.24177881162106
0.921,143.4276249101867,159.25167803377767
0.922,143.5868815521115,159.26157683419277
0.923,143.74614809265233,159.27147521253642
0.924,143.9054245313853,159.28137316847875
0.925,144.06471086788622,159.29127070168985
0.926,144.2240071017306,159.30116781183995
0.927,144.3833132324935,159.31106449859922
0.928,144.54262925974962,159.32096076163793
0.929,144.70195518307338,159.33085660062642
0.93,144.8612910020389,159.340752015235
0.931,145.02063671621977,159.35064700513405
0.932,145.17999232518963,159.360541569994
0.933,145.33935782852126,159.37043570948535
0.934,145.49873322578748,159.38032942327854
0.935,145.6581185165606,159.39022271104417
0.936,145.81751370041263,159.4001155724528
0.937,145.97691877691517,159.41000800717507
0.9380000000000001,146.1363337456396,159.41990001488162
0.9390000000000001,146.29575860615688,159.4297915952432
0.9400000000000001,146.4551933580376,159.43968274793053
0.9410000000000001,146.6146380008521,159.44957347261442
0.9420000000000001,146.77409253417022,159.45946376896566
0.9430000000000001,146.93355695756162,159.4693536366552
0.9440000000000001,147.0930312705956,159.4792430753539
0.9450000000000001,147.25251547284086,159.48913208473272
0.9460000000000001,147.4120095638662,159.49902066446265
0.9470000000000001,147.5715135432397,159.50890881421475
0.9480000000000001,147.73102741052924,159.51879653366007
0.9490000000000001,147.89055116530233,159.52868382246973
0.9500000000000001,148.0500848071261,159.53857068031493
0.9510000000000001,148.20962833556757,159.5484571068668
0.9520000000000001,148.3691817501931,159.55834310179665
0.9530000000000001,148.5287450505689,159.56822866477572
0.9540000000000001,148.6883182362606,159.57811379547533
0.9550000000000001,148.84790130683393,159.58799849356683
0.9560000000000001,149.00749426185388,159.59788275872168
0.9570000000000001,149.1670971008851,159.60776659061128
0.9580000000000001,149.32670982349214,159.6176499889071
0.9590000000000001,149.4863324292391,159.6275329532807
0.96,149.64596491768964,159.63741548340366
0.961,149.8056072884072,159.64729757894753
0.962,149.96525954095483,159.657179239584
0.963,150.12492167489523,159.66706046498476
0.964,150.28459368979077,159.67694125482151
0.965,150.4442755852034,159.68682160876605
0.966,150.60396736069487,159.69670152649016
0.967,150.7636690158265,159.70658100766573
0.968,150.9233805501592,159.71646005196465
0.969,151.08310196325374,159.72633865905883
0.97,151.2428332546703,159.73621682862023
0.971,151.40257442396882,159.7460945603209
0.972,151.56232547070903,159.7559718538329
0.973,151.72208639445,159.76584870882832
0.974,151.88185719475086,159.77572512497926
0.975,152.04163787117,159.78560110195795
0.976,152.20142842326578,159.79547663943657
0.977,152.36122885059604,159.8053517370874
0.978,152.52103915271823,159.81522639458274
0.979,152.68085932918967,159.82510061159493
0.98,152.8406893795672,159.83497438779636
0.981,153.0005293034073,159.84484772285944
0.982,153.16037910026608,159.85472061645666
0.983,153.32023876969936,159.8645930682605
0.984,153.4801083112627,159.87446507794348
0.985,153.63998772451123,159.88433664517825
0.986,153.79987700899966,159.8942077696374
0.987,153.95977616428246,159.9040784509936
0.988,154.11968518991375,159.91394868891956
0.989,154.2796040854472,159.92381848308804
0.99,154.43953285043636,159.93368783317183
0.991,154.59947148443422,159.94355673884374
0.992,154.7594199869934,159.95342519977666
0.993,154.91937835766646,159.96329321564352
0.994,155.07934659600528,159.97316078611723
0.995,155.2393247015616,159.98302791087085
0.996,155.3993126738868,159.99289458957733
0.997,155.55931051253185,160.00276082190982
0.998,155.71931821704737,160.0126266075414
0.999,155.8793357869837,160.02249194614524
1.0,156.03936322189082,160.03235683739453
1.0010000000000001,156.19940052131835,160.0422212809625
1.002,156.35944768481545,160.05208527652246
1.0030000000000001,156.51950471193123,160.06194882374774
1.004,156.6795716022142,160.07181192231167
1.0050000000000001,156.8396483552126,160.08167457188765
1.006,156.99973497047426,160.09153677214914
1.0070000000000001,157.15983144754688,160.1013985227696
1.008,157.31993778597757,160.1112598234226
1.0090000000000001,157.48005398531325,160.12112067378172
1.01,157.64018004510035,160.13098107352047
1.0110000000000001,157.80031596488516,160.1408410223126
1.012,157.96046174421343,160.15070051983173
1.0130000000000001,158.12061738263077,160.1605595657516
1.014,158.28078287968214,160.17041815974602
1.0150000000000001,158.4409582349125,160.1802763014888
1.016,158.60114344786615,160.19013399065372
1.0170000000000001,158.76133851808737,160.19999122691476
1.018,158.92154344511982,160.2098480099458
1.0190000000000001,159.081758228507,160.21970433942082
1.02,159.24198286779188,160.22956021501386
1.0210000000000001,159.40221736251732,160.23941563639895
1.022,159.56246171222557,160.24927060325018
1.0230000000000001,159.7227159164588,160.25912511524174
1.024,159.88297997475865,160.26897917204775
1.025,160.0432538866665,160.27883277334246
1.026,160.20353765172337,160.2886859188001
1.027,160.36383126946987,160.29853860809501
1.028,160.52413473944642,160.30839084090152
1.029,160.68444806119294,160.318242616894
1.03,160.8447712342491,160.3280939357469
1.031,161.00510425815406,160.33794479713464
1.032,161.16544713244696,160.34779520073175
1.033,161.32579985666626,160.35764514621277
1.034,161.48616243035036,160.3674946332523
1.035,161.646534853037,160.37734366152498
1.036,161.80691712426386,160.38719223070544
1.037,161.96730924356814,160.39704034046838
1.038,162.12771121048678,160.4068879904886
1.039,162.2881230245561,160.41673518044087
1.04,162.44854468531264,160.42658191
1.041,162.60897619229195,160.43642817884088
1.042,162.76941754502968,160.44627398663843
1.043,162.92986874306092,160.4561193330676
1.044,163.09032978592057,160.4659642178034
1.045,163.25080067314303,160.4758086405208
1.046,163.41128140426247,160.48565260089495
1.047,163.5717719788126,160.49549609860094
1.048,163.732272396807,160.50533913381122
1.049,163.89278265833215,160.51518170677883
1.05,164.05330276291656,160.52502381718213
1.051,164.21383271008773,160.53486546469884
1.052,164.37437249937298,160.54470664900683
1.053,164.53492213029926,160.55454736978405
1.054,164.69548160239336,160.5643876267086
1.055,164.85605091518173,160.57422741945862
1.056,165.0166300681906,160.58406674771246
1.057,165.17721906094584,160.5939056111485
1.058,165.33781789297322,160.60374400944534
1.059,165.49842656379803,160.61358194228157
1.06,165.65904507294545,160.62341940933595
1.061,165.8196734199403,160.63325641028743
1.062,165.98031160430725,160.64309294481495
1.063,166.14095962557053,160.65292901259764
1.064,166.30161748325423,160.6627646133147
1.065,166.46228517688212,160.67259974664552
1.066,166.62296270597773,160.6824344122695
1.067,166.78365007006425,160.69226860986623
1.068,166.94434726866476,160.70210233911538
1.069,167.10505430130186,160.7119355996968
1.07,167.26577116749806,160.72176839129037
1.071,167.42649786677546,160.7316007135761
1.072,167.58723439865602,160.74143256623418
1.073,167.7479807626613,160.75126394894482
1.074,167.90873695831277,160.76109486138841
1.075,168.0695029851314,160.77092530324546
1.076,168.23027884263809,160.78075527419657
1.077,168.39106453035336,160.79058477392243
1.078,168.5518600477975,160.80041380210392
1.079,168.71266539449053,160.81024235842193
1.08,168.87348056995222,160.82007044255755
1.081,169.03430557370197,160.82989805419197
1.082,169.19514040525908,160.83972519300647
1.083,169.35598506414243,160.84955185868245
1.084,169.51683954987075,160.85937805090146
1.085,169.67770386196233,160.8692037693451
1.086,169.83857799993544,160.87902901369515
1.087,169.99946196330782,160.88885378363346
1.088,170.16035575159717,160.89867807884204
1.089,170.32125936432072,160.90850189900294
1.09,170.48217280099558,160.91832524379842
1.091,170.64309606113852,160.92814811291078
1.092,170.8040291442661,160.93797050602245
1.093,170.9649720498945,160.94779242281604
1.094,171.12592477753975,160.95761386297417
1.095,171.28688732671753,160.9674348261796
1.096,171.44785969694334,160.97725531211532
1.097,171.60884188773224,160.9870753204643
1.098,171.76983389859925,160.99689485090963
1.099,171.93083572905894,161.00671390313462
1.1,172.09184737862572,161.0165324768226
1.101,172.2528688468136,161.02635057165705
1.102,172.41390013313654,161.03616818732155
1.103,172.57494123710796,161.04598532349982
1.104,172.73599215824126,161.05580197987567
1.105,172.8970528960494,161.06561815613304
1.106,173.05812345004517,161.07543385195598
1.107,173.219203819741,161.08524906702863
1.108,173.38029400464916,161.0950638010353
1.109,173.54139400428156,161.1048780536604
1.11,173.7025038181499,161.1146918245884
1.111,173.8636234457655,161.12450511350394
1.112,174.02475288663967,161.13431792009175
1.113,174.1858921402831,161.1441302440367
1.114,174.34704120620654,161.15394208502374
1.115,174.50820008392017,161.16375344273797
1.116,174.6693687729342,161.17356431686457
1.117,174.83054727275828,161.1833747070889
1.118,174.99173558290207,161.19318461309632
1.119,175.15293370287472,161.2029940345724
1.12,175.31414163218528,161.21280297120282
1.121,175.4753593703424,161.22261142267334
1.122,175.63658691685464,161.23241938866983
1.123,175.79782427123004,161.2422268688783
1.124,175.95907143297663,161.2520338629849
1.125,176.12032840160194,161.2618403706758
1.1260000000000001,176.28159517661345,161.2716463916374
1.127,176.44287175751816,161.28145192555615
1.1280000000000001,176.604158143823,161.29125697211862
1.129,176.76545433503446,161.3010615310115
1.1300000000000001,176.9267603306589,161.3108656019216
1.131,177.08807613020227,161.32066918453583
1.1320000000000001,177.2494017331704,161.33047227854124
1.133,177.4107371390687,161.34027488362497
1.1340000000000001,177.57208234740247,161.3500769994743
1.135,177.7334373576766,161.35987862577662
1.1360000000000001,177.89480216939583,161.3696797622194
1.137,178.0561767820645,161.37948040849022
1.1380000000000001,178.21756119518682,161.3892805642769
1.139,178.37895540826662,161.3990802292672
1.1400000000000001,178.54035942080753,161.40887940314911
1.141,178.70177323231286,161.41867808561068
1.1420000000000001,178.86319684228573,161.42847627634012
1.143,179.02463025022885,161.4382739750257
1.1440000000000001,179.18607345564484,161.44807118135586
1.145,179.34752645803587,161.45786789501912
1.1460000000000001,179.50898925690404,161.4676641157041
1.147,179.67046185175099,161.47745984309964
1.1480000000000001,179.8319442420782,161.4872550768945
1.149,179.99343642738683,161.49704981677775
1.1500000000000001,180.15493840717784,161.5068440624385
1.151,180.31645018095182,161.5166378135659
1.1520000000000001,180.47797174820923,161.5264310698493
1.153,180.63950310845007,161.5362238309782
1.154,180.80104426117424,161.54601609664215
1.155,180.96259520588134,161.5558078665308
1.156,181.12415594207062,161.56559914033394
1.157,181.28572646924113,161.57538991774152
1.158,181.4473067868916,161.5851801984435
1.159,181.6088968945206,161.5949699821301
1.16,181.77049679162627,161.6047592684915
1.161,181.93210647770664,161.61454805721812
1.162,182.09372595225932,161.62433634800038
1.163,182.25535521478182,161.63412414052894
1.164,182.41699426477118,161.64391143449447
1.165,182.57864310172437,161.6536982295878
1.166,182.74030172513795,161.6634845254999
1.167,182.9019701345083,161.67327032192182
1.168,183.06364832933144,161.6830556185447
1.169,183.22533630910326,161.69284041505986
1.17,183.38703407331917,161.7026247111587
1.171,183.54874162147456,161.7124085065327
1.172,183.71045895306435,161.72219180087356
1.173,183.8721860675833,161.73197459387296
1.174,184.03392296452583,161.74175688522277
1.175,184.1956696433862,161.751538674615
1.176,184.35742610365824,161.7613199617417
1.177,184.5191923448357,161.7711007462951
1.178,184.68096836641186,161.78088102796752
1.179,184.84275416787995,161.7906608064514
1.18,185.00454974873267,161.80044008143926
1.181,185.16635510846274,161.8102188526238
1.182,185.32817024656237,161.81999711969777
1.183,185.48999516252363,161.8297748823541
1.184,185.6518298558383,161.83955214028578
1.185,185.81367432599785,161.8493288931859
1.186,185.97552857249352,161.85910514074777
1.187,186.1373925948163,161.86888088266468
1.188,186.29926639245684,161.87865611863015
1.189,186.46114996490562,161.88843084833772
1.19,186.6230433116527,161.8982050714811
1.191,186.7849464321881,161.90797878775413
1.192,186.9468593260013,161.9177519968507
1.193,187.10878199258173,161.92752469846488
1.194,187.2707144314184,161.93729689229082
1.195,187.4326566420002,161.94706857802282
1.196,187.59460862381565,161.95683975535522
1.197,187.75657037635298,161.96661042398253
1.198,187.9185418991002,161.9763805835994
1.199,188.0805231915451,161.98615023390053
1.2,188.24251425317507,161.9959193745808
1.201,188.40451508347738,162.00568800533514
1.202,188.56652568193886,162.01545612585866
1.203,188.72854604804627,162.0252237358465
1.204,188.89057618128592,162.03499083499403
1.205,189.05261608114398,162.04475742299664
1.206,189.21466574710627,162.05452349954984
1.207,189.37672517865838,162.06428906434934
1.208,189.53879437528562,162.07405411709087
1.209,189.70087333647302,162.08381865747032
1.21,189.8629620617054,162.09358268518366
1.211,190.02506055046723,162.10334619992705
1.212,190.1871688022427,162.11310920139667
1.213,190.3492868165159,162.1228716892889
1.214,190.5114145927704,162.13263366330017
1.215,190.6735521304897,162.14239512312705
1.216,190.83569942915693,162.15215606846624
1.217,190.99785648825502,162.16191649901452
1.218,191.16002330726653,162.17167641446883
1.219,191.32219988567388,162.18143581452617
1.22,191.4843862229591,162.19119469888372
1.221,191.64658231860403,162.20095306723871
1.222,191.8087881720902,162.21071091928852
1.223,191.97100378289895,162.22046825473066
1.224,192.13322915051117,162.2302250732627
1.225,192.29546427440772,162.23998137458238
1.226,192.45770915406897,162.24973715838755
1.227,192.6199637889752,162.25949242437613
1.228,192.78222817860626,162.2692471722462
1.229,192.9445023224419,162.27900140169592
1.23,193.10678621996146,162.28875511242362
1.231,193.2690798706441,162.29850830412767
1.232,193.4313832739686,162.3082609765066
1.233,193.59369642941365,162.31801312925907
1.234,193.75601933645748,162.3277647620838
1.235,193.91835199457822,162.3375158746797
1.236,194.08069440325355,162.3472664667457
1.237,194.24304656196108,162.35701653798097
1.238,194.40540847017797,162.36676608808466
1.239,194.56778012738127,162.3765151167561
1.24,194.73016153304758,162.38626362369476
1.241,194.89255268665346,162.3960116086002
1.242,195.054953587675,162.40575907117207
1.243,195.2173642355881,162.41550601111015
1.244,195.37978462986837,162.42525242811436
1.245,195.54221476999123,162.43499832188473
1.246,195.70465465543168,162.44474369212136
1.247,195.86710428566465,162.45448853852452
1.248,196.02956366016463,162.46423286079454
1.249,196.19203277840586,162.47397665863193
1.25,196.35451163986244,162.48371993173728
1.2510000000000001,196.51700024400807,162.49346267981127
1.252,196.6794985903162,162.50320490255473
1.2530000000000001,196.84200667826013,162.51294659966862
1.254,197.00452450731265,162.52268777085396
1.2550000000000001,197.16705207694656,162.53242841581192
1.256,197.3295893866342,162.54216853424379
1.2570000000000001,197.49213643584773,162.55190812585096
1.258,197.65469322405895,162.56164719033492
1.2590000000000001,197.81725975073954,162.57138572739734
1.26,197.97983601536072,162.58112373673993
1.2610000000000001,198.14242201739364,162.59086121806453
1.262,198.30501775630904,162.60059817107316
1.2630000000000001,198.46762323157745,162.61033459546786
1.264,198.63023844266905,162.62007049095084
1.2650000000000001,198.79286338905396,162.6298058572244
1.266,198.95549807020174,162.639540693991
1.2670000000000001,199.11814248558193,162.64927500095317
1.268,199.28079663466366,162.65900877781354
1.2690000000000001,199.44346051691582,162.66874202427493
1.27,199.60613413180707,162.6784747400402
1.2710000000000001,199.76881747880577,162.6882069248124
1.272,199.93151055738,162.69793857829455
1.2730000000000001,200.09421336699762,162.70766970018997
1.274,200.25692590712612,162.71740029020197
1.2750000000000001,200.41964817723286,162.72713034803402
1.276,200.5823801767848,162.7368598733897
1.2770000000000001,200.74512190524877,162.7465888659727
1.278,200.90787336209112,162.75631732548686
1.2790000000000001,201.07063454677822,162.76604525163606
1.28,201.23340545877588,162.77577264412432
1.281,201.39618609754982,162.78549950265582
1.282,201.5589764625655,162.79522582693485
1.283,201.72177655328795,162.80495161666576
1.284,201.88458636918216,162.81467687155305
1.285,202.04740590971258,162.82440159130135
1.286,202.2102351743437,162.83412577561535
1.287,202.37307416253944,162.84384942419993
1.288,202.5359228737637,162.85357253676
1.289,202.6987813074799,162.86329511300067
1.29,202.86164946315137,162.87301715262714
1.291,203.02452734024106,162.88273865534467
1.292,203.1874149382117,162.8924596208587
1.293,203.3503122565257,162.90218004887473
1.294,203.51321929464532,162.91189993909845
1.295,203.67613605203238,162.92161929123557
1.296,203.83906252814856,162.931338104992
1.297,204.0019987224552,162.94105638007372
1.298,204.16494463441342,162.95077411618684
1.299,204.32790026348403,162.96049131303758
1.3,204.4908656091277,162.97020797033227
1.301,204.65384067080453,162.97992408777733
1.302,204.8168254479747,162.98963966507938
1.303,204.9798199400979,162.99935470194507
1.304,205.14282414663367,163.0090691980812
1.305,205.30583806704115,163.01878315319465
1.306,205.46886170077934,163.0284965669925
1.307,205.6318950473069,163.03820943918183
1.308,205.79493810608227,163.04792176946992
1.309,205.95799087656354,163.05763355756412
1.31,206.12105335820866,163.06734480317198
1.311,206.28412555047512,163.077055506001
1.312,206.44720745282035,163.08676566575897
1.313,206.61029906470137,163.09647528215368
1.314,206.773400385575,163.10618435489306
1.315,206.93651141489775,163.1158928836852
1.316,207.09963215212588,163.12560086823828
1.317,207.2627625967154,163.13530830826056
1.318,207.425902748122,163.14501520346045
1.319,207.58905260580116,163.15472155354647
1.32,207.75221216920804,163.16442735822724
1.321,207.91538143779752,163.1741326172115
1.322,208.07856041102434,163.18383733020815
1.323,208.24174908834277,163.19354149692614
1.324,208.404947469207,163.20324511707454
1.325,208.56815555307082,163.21294819036262
1.326,208.7313733393878,163.22265071649963
1.327,208.89460082761124,163.23235269519503
1.328,209.05783801719423,163.24205412615842
1.329,209.22108490758941,163.25175500909938
1.33,209.3843414982494,163.26145534372776
1.331,209.54760778862632,163.27115512975342
1.332,209.7108837781722,163.28085436688636
1.333,209.87416946633863,163.29055305483675
1.334,210.03746485257716,163.3002511933148
1.335,210.20076993633882,163.30994878203086
1.336,210.36408471707455,163.3196458206954
1.337,210.5274091942349,163.32934230901904
1.338,210.69074336727033,163.33903824671242
1.339,210.85408723563074,163.3487336334864
1.34,211.0174407987661,163.35842846905192
1.341,211.18080405612582,163.36812275311996
1.342,211.34417700715926,163.37781648540175
1.343,211.5075596513153,163.38750966560852
1.344,211.67095198804276,163.39720229345167
1.345,211.83435401679006,163.4068943686427
1.346,211.9977657370054,163.41658589089323
1.347,212.16118714813666,163.426276859915
1.348,212.32461824963158,163.43596727541984
1.349,212.48805904093743,163.44565713711975
1.35,212.6515095215014,163.45534644472679
1.351,212.81496969077028,163.4650351979531
1.352,212.97843954819072,163.47472339651108
1.353,213.1419190932089,163.48441104011312
1.354,213.305408325271,163.4940981284717
1.355,213.46890724382266,163.50378466129953
1.356,213.63241584830948,163.51347063830937
1.357,213.7959341381766,163.5231560592141
1.358,213.95946211286906,163.53284092372672
1.359,214.12299977183147,163.54252523156032
1.36,214.28654711450832,163.55220898242814
1.361,214.4501041403437,163.56189217604353
1.362,214.61367084878157,163.57157481211993
1.363,214.77724723926548,163.58125689037092
1.364,214.9408333112388,163.59093841051018
1.365,215.1044290641446,163.60061937225151
1.366,215.26803449742573,163.61029977530887
1.367,215.43164961052463,163.61997961939622
1.368,215.59527440288366,163.62965890422774
1.369,215.75890887394476,163.6393376295177
1.37,215.92255302314973,163.64901579498047
1.371,216.08620684993994,163.65869340033052
1.372,216.24987035375668,163.66837044528248
1.373,216.4135435340408,163.67804692955104
1.374,216.57722639023302,163.68772285285107
1.375,216.74091892177364,163.69739821489748
1.3760000000000001,216.9046211281029,163.70707301540537
1.377,217.0683330086605,163.7167472540899
1.3780000000000001,217.23205456288613,163.7264209306664
1.379,217.39578579021904,163.73609404485023
1.3800000000000001,217.55952669009832,163.74576659635693
1.381,217.7232772619627,163.75543858490215
1.3820000000000001,217.8870375052507,163.76511001020162
1.383,218.05080741940057,163.77478087197125
1.3840000000000001,218.21458700385026,163.784451169927
1.385,218.37837625803743,163.79412090378494
1.3860000000000001,218.54217518139959,163.80379007326133
1.387,218.70598377337382,163.81345867807246
1.3880000000000001,218.86980203339704,163.8231267179348
1.389,219.03362996090584,163.8327941925649
1.3900000000000001,219.19746755533666,163.84246110167942
1.391,219.36131481612546,163.85212744499518
1.3920000000000001,219.52517174270815,163.86179322222904
1.393,219.6890383345202,163.87145843309804
1.3940000000000001,219.852914590997,163.88112307731933
1.395,220.0168005115734,163.8907871546101
1.3960000000000001,220.18069609568425,163.90045066468778
1.397,220.34460134276395,163.9101136072698
1.3980000000000001,220.50851625224678,163.9197759820738
1.399,220.67244082356655,163.9294377888174
1.4000000000000001,220.83637505615707,163.9390990272185
1.401,221.00031894945158,163.94875969699504
1.4020000000000001,221.16427250288334,163.958419797865
1.403,221.32823571588509,163.9680793295466
1.4040000000000001,221.4922085878895,163.97773829175813
1.405,221.65619111832882,163.98739668421794
1.4060000000000001,221.82018330663513,163.99705450664456
1.407,221.98418515224017,164.00671175875664
1.408,222.14819665457551,164.01636844027288
1.409,222.31221781307238,164.02602455091218
1.41,222.4762486271617,164.03568009039347
1.411,222.64028909627424,164.04533505843585
1.412,222.80433921984036,164.05498945475853
1.413,222.9683989972903,164.0646432790808
1.414,223.13246842805384,164.07429653112212
1.415,223.2965475115608,164.08394921060201
1.416,223.46063624724027,164.09360131724014
1.417,223.6247346345216,164.1032528507563
1.418,223.78884267283337,164.11290381087034
1.419,223.95296036160437,164.12255419730226
1.42,224.1170877002627,164.13220400977224
1.421,224.28122468823642,164.14185324800047
1.422,224.4453713249533,164.15150191170733
1.423,224.60952760984082,164.16115000061322
1.424,224.77369354232613,164.1707975144388
1.425,224.9378691218362,164.18044445290468
1.426,225.10205434779766,164.1900908157317
1.427,225.26624921963702,164.19973660264083
1.428,225.43045373678024,164.20938181335305
1.429,225.5946678986533,164.21902644758953
1.43,225.75889170468176,164.22867050507153
1.431,225.92312515429097,164.23831398552048
1.432,226.0873682469059,164.2479568886578
1.433,226.25162098195142,164.25759921420516
1.434,226.41588335885197,164.26724096188426
1.435,226.58015537703187,164.27688213141693
1.436,226.74443703591504,164.28652272252518
1.437,226.9087283349252,164.29616273493102
1.438,227.0730292734858,164.30580216835668
1.439,227.23733985102,164.31544102252442
1.44,227.40166006695068,164.32507929715672
1.441,227.56598992070053,164.33471699197602
1.442,227.73032941169183,164.34435410670505
1.443,227.89467853934676,164.35399064106656
1.444,228.05903730308705,164.36362659478337
1.445,228.2234057023344,164.37326196757851
1.446,228.3877837365099,164.38289675917508
1.447,228.55217140503473,164.3925309692963
1.448,228.71656870732954,164.40216459766552
1.449,228.88097564281486,164.41179764400616
1.45,229.04539221091088,164.42143010804182
1.451,229.20981841103756,164.43106198949613
1.452,229.37425424261454,164.44069328809294
1.453,229.53869970506128,164.45032400355612
1.454,229.70315479779683,164.4599541356097
1.455,229.8676195202401,164.46958368397785
1.456,230.0320938718097,164.47921264838476
1.457,230.19657785192396,164.48884102855487
1.458,230.36107146000086,164.49846882421264
1.459,230.52557469545832,164.50809603508264
1.46,230.69008755771375,164.51772266088963
1.461,230.85461004618443,164.5273487013584
1.462,231.01914216028734,164.5369741562139
1.463,231.18368389943922,164.5465990251812
1.464,231.3482352630565,164.55622330798548
1.465,231.51279625055537,164.565847004352
1.466,231.67736686135166,164.57547011400618
1.467,231.8419470948611,164.58509263667355
1.468,232.00653695049897,164.59471457207974
1.469,232.1711364276805,164.60433591995044
1.47,232.33574552582036,164.6139566800116
1.471,232.50036424433324,164.62357685198916
1.472,232.66499258263332,164.63319643560916
1.473,232.82963054013476,164.6428154305979
1.474,232.99427811625117,164.65243383668164
1.475,233.15893531039615,164.66205165358684
1.476,233.3236021219828,164.67166888104003
1.477,233.48827855042418,164.6812855187679
1.478,233.65296459513286,164.69090156649722
1.479,233.8176602555214,164.7005170239549
1.48,233.98236553100176,164.71013189086793
1.481,234.14708042098596,164.71974616696343
1.482,234.3118049248855,164.72935985196867
1.483,234.47653904211177,164.73897294561098
1.484,234.64128277207575,164.74858544761784
1.485,234.80603611418837,164.75819735771685
1.486,234.97079906786004,164.76780867563568
1.487,235.13557163250107,164.77741940110218
1.488,235.30035380752145,164.78702953384425
1.489,235.46514559233088,164.79663907358994
1.49,235.62994698633878,164.80624802006741
1.491,235.79475798895442,164.81585637300498
1.492,235.95957859958656,164.82546413213095
1.493,236.124408817644,164.8350712971739
1.494,236.28924864253503,164.8446778678624
1.495,236.4540980736678,164.85428384392523
1.496,236.6189571104501,164.8638892250912
1.497,236.78382575228954,164.87349401108932
1.498,236.94870399859332,164.8830982016486
1.499,237.1135918487686,164.8927017964983
1.5,237.27848930222206,164.90230479536768
1.5010000000000001,237.4433963583602,164.91190719798618
1.502,237.60831301658922,164.92150900408336
1.5030000000000001,237.77323927631514,164.93111021338885
1.504,237.93817513694358,164.9407108256324
1.5050000000000001,238.10312059787998,164.95031084054392
1.506,238.26807565852948,164.9599102578534
1.5070000000000001,238.433040318297,164.96950907729098
1.508,238.59801457658705,164.97910729858683
1.5090000000000001,238.76299843280404,164.98870492147134
1.51,238.92799188635198,164.99830194567494
1.5110000000000001,239.09299493663477,165.00789837092822
1.512,239.25800758305581,165.01749419696188
1.5130000000000001,239.42302982501852,165.02708942350665
1.514,239.58806166192574,165.03668405029353
1.5150000000000001,239.7531030931803,165.04627807705353
1.516,239.91815411818456,165.05587150351775
1.5170000000000001,240.08321473634084,165.0654643294175
1.518,240.24828494705088,165.07505655448415
1.5190000000000001,240.4133647497165,165.08464817844919
1.52,240.57845414373895,165.0942392010442
1.5210000000000001,240.7435531285194,165.10382962200092
1.522,240.90866170345868,165.11341944105118
1.5230000000000001,241.0737798679574,165.12300865792693
1.524,241.2389076214158,165.13259727236027
1.5250000000000001,241.40404496323396,165.14218528408333
1.526,241.56919189281155,165.15177269282842
1.5270000000000001,241.73434840954823,165.16135949832795
1.528,241.89951451284307,165.17094570031446
1.5290000000000001,242.06469020209516,165.18053129852058
1.53,242.22987547670306,165.19011629267905
1.5310000000000001,242.39507033606526,165.19970068252277
1.532,242.5602747795799,165.2092844677847
1.5330000000000001,242.7254888066449,165.21886764819794
1.534,242.89071241665778,165.2284502234957
1.5350000000000001,243.05594560901602,165.23803219341133
1.536,243.22118838311653,165.24761355767828
1.537,243.3864407383562,165.25719431603005
1.538,243.5517026741316,165.2667744682004
1.539,243.71697418983894,165.27635401392303
1.54,243.88225528487425,165.2859329529319
1.541,244.04754595863324,165.295511284961
1.542,244.2128462105114,165.3050890097445
1.543,244.37815603990387,165.3146661270166
1.544,244.54347544620566,165.3242426365117
1.545,244.70880442881128,165.33381853796428
1.546,244.87414298711525,165.3433938311089
1.547,245.03949112051163,165.35296851568026
1.548,245.20484882839426,165.36254259141324
1.549,245.37021611015672,165.3721160580427
1.55,245.53559296519236,165.38168891530378
1.551,245.70097939289414,165.39126116293158
1.552,245.8663753926549,165.4008328006614
1.553,246.0317809638671,165.41040382822865
1.554,246.197196105923,165.41997424536882
1.555,246.36262081821457,165.42954405181754
1.556,246.52805510013346,165.43911324731056
1.557,246.69349895107112,165.44868183158374
1.558,246.8589523704187,165.45824980437303
1.559,247.02441535756708,165.46781716541452
1.56,247.18988791190696,165.47738391444443
1.561,247.35537003282855,165.48695005119907
1.562,247.520861719722,165.4965155754149
1.563,247.68636297197713,165.50608048682838
1.564,247.8518737889835,165.51564478517622
1.565,248.01739417013033,165.52520847019522
1.566,248.18292411480667,165.53477154162223
1.567,248.3484636224012,165.54433399919427
1.568,248.51401269230246,165.55389584264847
1.569,248.67957132389853,165.56345707172204
1.57,248.8451395165775,165.57301768615235
1.571,249.01071726972688,165.58257768567685
1.572,249.17630458273416,165.59213707003312
1.573,249.34190145498638,165.60169583895888
1.574,249.50750788587044,165.6112539921919
1.575,249.67312387477293,165.62081152947013
1.576,249.83874942108017,165.6303684505316
1.577,250.00438452417816,165.63992475511444
1.578,250.17002918345273,165.64948044295696
1.579,250.33568339828932,165.65903551379753
1.58,250.50134716807327,165.66858996737463
1.581,250.66702049218935,165.67814380342688
1.582,250.8327033700225,165.68769702169303
1.583,250.99839580095698,165.6972496219119
1.584,251.1640977843771,165.70680160382244
1.585,251.3298093196666,165.71635296716374
1.586,251.4955304062092,165.725903711675
1.587,251.6612610433882,165.7354538370955
1.588,251.82700123058675,165.74500334316463
1.589,251.99275096718753,165.75455222962196
1.59,252.15851025257328,165.76410049620713
1.591,252.32427908612613,165.77364814265994
1.592,252.4900574672282,165.78319516872017
1.593,252.6558453952611,165.79274157412792
1.594,252.82164286960642,165.8022873586232
1.595,252.9874498896453,165.8118325219463
1.596,253.15326645475872,165.8213770638375
1.597,253.31909256432726,165.8309209840373
1.598,253.4849282177314,165.84046428228626
1.599,253.65077341435122,165.85000695832505
1.6,253.81662815356663,165.85954901189444
1.601,253.9824924347571,165.86909044273537
1.602,254.14836625730211,165.87863125058885
1.603,254.31424962058054,165.88817143519606
1.604,254.48014252397132,165.8977109962982
1.605,254.6460449668529,165.90724993363665
1.606,254.81195694860355,165.91678824695293
1.607,254.9778784686012,165.9263259359886
1.608,255.14380952622355,165.9358630004854
1.609,255.30975012084804,165.94539944018513
1.61,255.47570025185195,165.95493525482976
1.611,255.641659918612,165.96447044416135
1.612,255.80762912050494,165.97400500792207
1.613,255.97360785690705,165.9835389458542
1.614,256.1395961271945,165.99307225770013
1.615,256.3055939307431,166.0026049432024
1.616,256.47160126692836,166.01213700210369
1.617,256.63761813512554,166.02166843414665
1.618,256.80364453470975,166.0311992390742
1.619,256.96968046505566,166.0407294166293
1.62,257.1357259255378,166.05025896655505
1.621,257.30178091553034,166.05978788859468
1.622,257.46784543440725,166.06931618249146
1.623,257.63391948154214,166.07884384798888
1.624,257.80000305630847,166.08837088483048
1.625,257.9660961580793,166.0978972927599
1.6260000000000001,258.1321987862276,166.10742307152094
1.627,258.29831094012593,166.1169482208575
1.6280000000000001,258.4644326191465,166.12647274051358
1.629,258.63056382266154,166.13599663023334
1.6300000000000001,258.79670455004276,166.14551988976095
1.631,258.9628548006616,166.15504251884084
1.6320000000000001,259.12901457388944,166.16456451721746
1.633,259.2951838690972,166.1740858846354
1.6340000000000001,259.46136268565556,166.1836066208393
1.635,259.62755102293494,166.19312672557407
1.6360000000000001,259.79374888030566,166.20264619858457
1.637,259.9599562571375,166.21216503961588
1.6380000000000001,260.1261731528001,166.22168324841317
1.639,260.2923995666629,166.23120082472167
1.6400000000000001,260.4586354980949,166.24071776828683
1.641,260.624880946465,166.25023407885408
1.6420000000000001,260.7911359111417,166.2597497561691
1.643,260.9574003914933,166.26926479997763
1.6440000000000001,261.1236743868879,166.27877921002548
1.645,261.2899578966931,166.28829298605862
1.6460000000000001,261.4562509202766,166.29780612782315
1.647,261.62255345700544,166.30731863506526
1.6480000000000001,261.7888655062466,166.31683050753122
1.649,261.95518706736675,166.32634174496752
1.6500000000000001,262.12151813973236,166.33585234712066
1.651,262.2878587227095,166.3453623137373
1.6520000000000001,262.45420881566406,166.3548716445642
1.653,262.62056841796164,166.36438033934826
1.6540000000000001,262.78693752896754,166.37388839783648
1.655,262.9533161480469,166.38339581977596
1.6560000000000001,263.11970427456447,166.3929026049139
1.657,263.2861019078847,166.4024087529977
1.6580000000000001,263.4525090473719,166.41191426377478
1.659,263.6189256923901,166.42141913699274
1.6600000000000001,263.78535184230304,166.43092337239923
1.661,263.951787496474,166.4404269697421
1.6620000000000001,264.1182326542664,166.44992992876922
1.663,264.2846873150429,166.45943224922866
1.6640000000000001,264.45115147816637,166.46893393086853
1.665,264.617625142999,166.47843497343712
1.666,264.7841083089029,166.4879353766828
1.667,264.95060097524004,166.49743514035407
1.668,265.11710314137184,166.50693426419951
1.669,265.2836148066597,166.51643274796788
1.67,265.45013597046466,166.52593059140798
1.671,265.61666663214737,166.53542779426877
1.672,265.7832067910684,166.54492435629933
1.673,265.9497564465879,166.55442027724885
1.674,266.1163155980659,166.5639155568666
1.675,266.28288424486203,166.57341019490195
1.676,266.4494623863357,166.58290419110452
1.677,266.6160500218461,166.5923975452239
1.678,266.78264715075204,166.60189025700984
1.679,266.94925377241213,166.61138232621224
1.68,267.1158698861848,166.62087375258102
1.681,267.282495491428,166.63036453586636
1.682,267.4491305874996,166.63985467581844
1.683,267.61577517375713,166.64934417218757
1.684,267.78242924955777,166.6588330247242
1.685,267.94909281425856,166.66832123317894
1.686,268.1157658672163,166.6778087973024
1.687,268.2824484077873,166.6872957168454
1.688,268.4491404353278,166.69678199155885
1.689,268.6158419491938,166.70626762119375
1.69,268.78255294874083,166.71575260550122
1.691,268.9492734333243,166.72523694423253
1.692,269.1160034022994,166.73472063713908
1.693,269.2827428550208,166.74420368397227
1.694,269.4494917908432,166.75368608448375
1.695,269.6162502091209,166.76316783842523
1.696,269.78301810920783,166.7726489455485
1.697,269.9497954904579,166.7821294056055
1.698,270.1165823522245,166.7916092183483
1.699,270.28337869386087,166.80108838352908
1.7,270.4501845147199,166.81056690090008
1.701,270.6169998141545,166.82004477021374
1.702,270.7838245915168,166.82952199122252
1.703,270.9506588461592,166.83899856367913
1.704,271.1175025774334,166.84847448733623
1.705,271.2843557846911,166.8579497619467
1.706,271.45121846728364,166.86742438726355
1.707,271.618090624562,166.87689836303983
1.708,271.7849722558771,166.88637168902872
1.709,271.9518633605794,166.8958443649836
1.71,272.11876393801924,166.90531639065784
1.711,272.28567398754655,166.91478776580502
1.712,272.4525935085111,166.9242584901788
1.713,272.6195225002623,166.93372856353292
1.714,272.7864609621493,166.9431979856213
1.715,272.95340889352116,166.95266675619797
1.716,273.1203662937264,166.96213487501703
1.717,273.28733316211355,166.9716023418327
1.718,273.45430949803057,166.98106915639931
1.719,273.6212953008254,166.99053531847136
1.72,273.7882905698455,167.00000082780343
1.721,273.9552953044383,167.0094656841502
1.722,274.1223095039508,167.0189298872665
1.723,274.2893331677298,167.02839343690724
1.724,274.45636629512177,167.03785633282746
1.725,274.6234088854729,167.0473185747823
1.726,274.7904609381291,167.05678016252705
1.727,274.95752245243625,167.0662410958171
1.728,275.1245934277396,167.0757013744079
1.729,275.29167386338446,167.08516099805513
1.73,275.4587637587155,167.0946199665145
1.731,275.62586311307757,167.10407827954182
1.732,275.79297192581487,167.11353593689307
1.733,275.96009019627155,167.1229929383243
1.734,276.1272179237913,167.13244928359174
1.735,276.2943551077178,167.14190497245167
1.736,276.46150174739427,167.15136000466052
1.737,276.6286578421637,167.1608143799748
1.738,276.79582339136886,167.17026809815115
1.739,276.96299839435216,167.1797211589464
1.74,277.1301828504558,167.18917356211733
1.741,277.29737675902174,167.19862530742103
1.742,277.46458011939166,167.20807639461452
1.743,277.63179293090684,167.21752682345505
1.744,277.7990151929085,167.2269765937
1.745,277.9662469047375,167.23642570510677
1.746,278.13348806573435,167.24587415743292
1.747,278.30073867523936,167.25532195043618
1.748,278.4679987325926,167.26476908387434
1.749,278.6352682371339,167.27421555750527
1.75,278.80254718820265,167.283661371087
1.7510000000000001,278.9698355851382,167.29310652437772
1.752,279.1371334272794,167.30255101713564
1.7530000000000001,279.3044407139651,167.31199484911912
1.754,279.4717574445336,167.3214380200867
1.7550000000000001,279.63908361832307,167.33088052979693
1.756,279.80641923467147,167.34032237800855
1.7570000000000001,279.97376429291637,167.3497635644804
1.758,280.1411187923951,167.35920408897138
1.7590000000000001,280.3084827324449,167.3686439512406
1.76,280.4758561124023,167.3780831510472
1.7610000000000001,280.6432389316041,167.3875216881505
1.762,280.81063118938647,167.3969595623099
1.7630000000000001,280.97803288508544,167.40639677328485
1.764,281.1454440180367,167.41583332083508
1.7650000000000001,281.3128645875758,167.42526920472028
1.766,281.48029459303785,167.43470442470033
1.7670000000000001,281.6477340337579,167.44413898053523
1.768,281.8151829090705,167.45357287198505
1.7690000000000001,281.98264121831005,167.46300609880998
1.77,282.15010896081077,167.4724386607704
1.7710000000000001,282.3175861359064,167.48187055762668
1.772,282.48507274293064,167.4913017891394
1.7730000000000001,282.65256878121676,167.50073235506926
1.774,282.8200742500978,167.51016225517702
1.7750000000000001,282.98758914890647,167.51959148922356
1.776,283.1551134769754,167.52902005696993
1.7770000000000001,283.32264723363676,167.5384479581772
1.778,283.4901904182225,167.54787519260665
1.7790000000000001,283.6577430300644,167.55730176001964
1.78,283.8253050684939,167.56672766017763
1.7810000000000001,283.99287653284205,167.57615289284223
1.782,284.16045742243983,167.58557745777512
1.7830000000000001,284.3280477366179,167.59500135473812
1.784,284.4956474747065,167.60442458349314
1.7850000000000001,284.6632566360359,167.61384714380225
1.786,284.8308752199357,167.62326903542763
1.7870000000000001,284.9985032257357,167.6326902581315
1.788,285.1661406527649,167.64211081167633
1.7890000000000001,285.33378750035257,167.65153069582456
1.79,285.50144376782725,167.66094991033881
1.7910000000000001,285.6691094545176,167.67036845498185
1.792,285.83678455975166,167.67978632951653
1.793,286.00446908285744,167.6892035337058
1.794,286.1721630231627,167.69862006731273
1.795,286.33986637999465,167.70803593010052
1.796,286.50757915268053,167.7174511218325
1.797,286.6753013405472,167.7268656422721
1.798,286.84303294292124,167.7362794911828
1.799,287.010773959129,167.74569266832833
1.8,287.1785243884965,167.75510517347243
1.801,287.3462842303495,167.76451700637895
1.802,287.5140534840136,167.7739281668119
1.803,287.6818321488139,167.78333865453547
1.804,287.8496202240756,167.7927484693138
1.805,288.01741770912315,167.80215761091125
1.806,288.1852246032812,167.81156607909233
1.807,288.35304090587374,167.82097387362154
1.808,288.5208666162249,167.8303809942636
1.809,288.68870173365815,167.83978744078334
1.81,288.85654625749686,167.84919321294566
1.811,289.0244001870642,167.8585983105156
1.812,289.1922635216829,167.86800273325827
1.813,289.3601362606755,167.87740648093893
1.814,289.52801840336446,167.88680955332302
1.815,289.6959099490717,167.896211950176
1.816,289.86381089711887,167.90561367126347
1.817,290.0317212468276,167.91501471635115
1.818,290.19964099751905,167.9244150852049
1.819,290.36757014851406,167.93381477759064
1.82,290.5355086991335,167.94321379327448
1.821,290.7034566486976,167.95261213202255
1.822,290.8714139965267,167.96200979360117
1.823,291.0393807419404,167.97140677777676
1.824,291.2073568842585,167.98080308431582
1.825,291.37534242280026,167.99019871298503
1.826,291.5433373568847,167.99959366355114
1.827,291.71134168583063,168.00898793578097
1.828,291.87935540895666,168.01838152944154
1.829,292.04737852558094,168.02777444429998
1.83,292.2154110350215,168.03716668012348
1.831,292.38345293659603,168.04655823667935
1.832,292.5515042296219,168.05594911373504
1.833,292.7195649134165,168.06533931105812
1.834,292.88763498729656,168.0747288284163
1.835,293.05571445057876,168.0841176655773
1.836,293.22380330257954,168.0935058223091
1.837,293.39190154261485,168.10289329837966
1.838,293.5600091700006,168.11228009355713
1.839,293.7281261840524,168.1216662076098
1.84,293.8962525840855,168.13105164030594
1.841,294.0643883694149,168.1404363914141
1.842,294.2325335393555,168.1498204607029
1.843,294.40068809322156,168.159203847941
1.844,294.56885203032743,168.1685865528972
1.845,294.737025349987,168.17796857534051
1.846,294.905208051514,168.18734991503993
1.847,295.07340013422186,168.19673057176465
1.848,295.2416015974236,168.20611054528393
1.849,295.40981244043223,168.21548983536718
1.85,295.5780326625603,168.22486844178394
1.851,295.7462622631201,168.2342463643038
1.852,295.91450124142386,168.24362360269652
1.853,296.08274959678306,168.25300015673196
1.854,296.2510073285096,168.26237602618008
1.855,296.4192744359144,168.27175121081098
1.856,296.5875509183087,168.28112571039486
1.857,296.7558367750032,168.29049952470203
1.858,296.92413200530814,168.29987265350292
1.859,297.09243660853383,168.30924509656805
1.86,297.26075058399033,168.31861685366815
1.861,297.429073930987,168.32798792457396
1.862,297.5974066488335,168.33735830905636
1.863,297.76574873683865,168.34672800688637
1.864,297.93410019431155,168.35609701783508
1.865,298.10246102056055,168.3654653416738
1.866,298.27083121489414,168.3748329781738
1.867,298.43921077662014,168.38419992710658
1.868,298.60759970504654,168.39356618824374
1.869,298.77599799948064,168.40293176135694
1.87,298.9444056592298,168.41229664621798
1.871,299.1128226836009,168.42166084259884
1.872,299.2812490719007,168.43102435027154
1.873,299.4496848234354,168.4403871690082
1.874,299.6181299375114,168.44974929858114
1.875,299.7865844134345,168.4591107387627
1.8760000000000001,299.9550482505103,168.4684714893254
1.877,300.123521448044,168.47783155004183
1.8780000000000001,300.2920040053409,168.48719092068478
1.879,300.46049592170573,168.49654960102703
1.8800000000000001,300.6289971964429,168.50590759084156
1.881,300.79750782885685,168.51526488990146
1.8820000000000001,300.9660278182514,168.52462149797992
1.883,301.1345571639305,168.53397741485023
1.8840000000000001,301.3030958651974,168.54333264028577
1.885,301.47164392135534,168.55268717406014
1.8860000000000001,301.64020133170726,168.56204101594696
1.887,301.8087680955558,168.57139416572
1.8880000000000001,301.9773442122034,168.58074662315312
1.889,302.14592968095207,168.5900983880203
1.8900000000000001,302.3145245011037,168.59944946009568
1.891,302.48312867195983,168.6087998391535
1.8920000000000001,302.65174219282187,168.61814952496806
1.893,302.82036506299073,168.62749851731382
1.8940000000000001,302.9889972817673,168.63684681596533
1.895,303.15763884845194,168.64619442069733
1.8960000000000001,303.3262897623449,168.65554133128455
1.897,303.49495002274625,168.66488754750193
1.8980000000000001,303.66361962895564,168.67423306912448
1.899,303.83229858027244,168.68357789592739
1.9000000000000001,304.00098687599575,168.69292202768588
1.901,304.1696845154246,168.7022654641753
1.9020000000000001,304.3383914978576,168.7116082051712
1.903,304.5071078225929,168.7209502504491
1.9040000000000001,304.6758334889288,168.73029159978478
1.905,304.844568496163,168.73963225295404
1.9060000000000001,305.013312843593,168.74897220973284
1.907,305.1820665305161,168.75831146989725
1.9080000000000001,305.35082955622937,168.7676500332234
1.909,305.51960192002946,168.77698789948764
1.9100000000000001,305.6883836212129,168.7863250684663
1.911,305.8571746590758,168.79566153993596
1.9120000000000001,306.0259750329142,168.80499731367325
1.913,306.19478474202356,168.81433238945493
1.9140000000000001,306.3636037856995,168.8236667670578
1.915,306.532432163237,168.83300044625892
1.9160000000000001,306.70126987393087,168.84233342683532
1.917,306.87011691707585,168.85166570856424
1.9180000000000001,307.0389732919661,168.860997291223
1.919,307.2078389978957,168.87032817458902
1.92,307.3767140341584,168.8796583584399
1.921,307.5455984000478,168.88898784255326
1.922,307.71449209485706,168.89831662670693
1.923,307.88339511787916,168.90764471067877
1.924,308.05230746840675,168.91697209424677
1.925,308.2212291457323,168.92629877718915
1.926,308.39016014914796,168.93562475928405
1.927,308.5591004779457,168.9449500403099
1.928,308.728050131417,168.95427462004514
1.929,308.8970091088533,168.96359849826837
1.93,309.06597740954567,168.97292167475825
1.931,309.2349550327849,168.98224414929368
1.932,309.40394197786145,168.99156592165352
1.933,309.57293824406577,169.00088699161685
1.934,309.7419438306878,169.01020735896282
1.935,309.9109587370172,169.0195270234707
1.936,310.0799829623435,169.0288459849199
1.937,310.2490165059559,169.0381642430899
1.938,310.41805936714337,169.04748179776038
1.939,310.5871115451945,169.056798648711
1.94,310.75617303939765,169.0661147957217
1.941,310.92524384904107,169.07543023857235
1.942,311.0943239734125,169.08474497704307
1.943,311.2634134117996,169.09405901091407
1.944,311.4325121634896,169.10337233996566
1.945,311.6016202277697,169.11268496397824
1.946,311.77073760392636,169.12199688273236
1.947,311.9398642912465,169.1313080960087
1.948,312.1090002890161,169.140618603588
1.949,312.2781455965212,169.14992840525116
1.95,312.44730021304747,169.15923750077917
1.951,312.61646413788037,169.16854588995315
1.952,312.785637370305,169.17785357255434
1.953,312.9548199096064,169.18716054836406
1.954,313.1240117550691,169.19646681716378
1.955,313.2932129059774,169.2057723787351
1.956,313.4624233616155,169.21507723285967
1.957,313.63164312126713,169.2243813793193
1.958,313.8008721842159,169.23368481789595
1.959,313.97011054974513,169.2429875483716
1.96,314.13935821713767,169.2522895705284
1.961,314.30861518567644,169.2615908841487
1.962,314.47788145464375,169.27089148901473
1.963,314.64715702332194,169.28019138490913
1.964,314.8164418909929,169.2894905716144
1.965,314.98573605693826,169.29878904891333
1.966,315.15503952043946,169.3080868165887
1.967,315.3243522807776,169.31738387442354
1.968,315.49367433723353,169.32668022220088
1.969,315.663005689088,169.33597585970386
1.97,315.83234633562097,169.34527078671582
1.971,316.00169627611285,169.35456500302018
1.972,316.17105550984326,169.36385850840043
1.973,316.3404240360918,169.37315130264025
1.974,316.50980185413755,169.38244338552337
1.975,316.67918896325966,169.39173475683367
1.976,316.84858536273674,169.40102541635517
1.977,317.0179910518473,169.4103153638719
1.978,317.1874060298694,169.41960459916814
1.979,317.35683029608106,169.42889312202817
1.98,317.5262638497598,169.4381809322365
1.981,317.69570669018304,169.4474680295776
1.982,317.86515881662785,169.45675441383625
1.983,318.0346202283712,169.46604008479716
1.984,318.20409092468947,169.47532504224526
1.985,318.3735709048589,169.4846092859656
1.986,318.54306016815565,169.49389281574327
1.987,318.71255871385546,169.50317563136355
1.988,318.8820665412337,169.51245773261178
1.989,319.05158364956566,169.52173911927346
1.99,319.2211100381263,169.53101979113418
1.991,319.3906457061903,169.54029974797965
1.992,319.5601906530319,169.5495789895957
1.993,319.72974487792544,169.55885751576824
1.994,319.89930838014465,169.56813532628337
1.995,320.0688811589632,169.57741242092723
1.996,320.23846321365437,169.5866887994861
1.997,320.4080545434913,169.59596446174638
1.998,320.57765514774667,169.6052394074946
1.999,320.74726502569297,169.61451363651736
